1,0,0.03082665261350887,0.000408341460742481
2,0,0.028906028107690024,0.00078192725732374
3,0,0.027195741733080665,0.0011270327689583868
4,0,0.025662371721792893,0.0014486271063095615
5,0,0.024279208252655032,0.001750702485893172
6,0,0.02302464830963043,0.002036509198413216
7,0,0.02188103008014213,0.0023087263417361018
8,0,0.020833772595594064,0.0025695879550262585
9,0,0.019870731249892484,0.0028209776216250003
10,0,0.018981708531011707,0.003064500412776025
11,0,0.01815807803114726,0.0033015383062771526
12,0,0.01739249226719679,0.0035332933919897504
13,0,0.01667865328961471,0.0037608219417459357
14,0,0.016011130874576063,0.003985061571277315
15,0,0.01538521716094018,0.004206853127840649
16,0,0.014796809475999612,0.00442695851645536
17,0,0.014242315163454398,0.004646075375866767
18,0,0.013718573730547095,0.00486484929639899
19,0,0.01322279273568932,0.005083884111385725
20,0,0.012752494657530263,0.005303750675176141
21,0,0.01230547260055332,0.005524994452231439
22,0,0.011879753156602288,0.005748142175458246
23,0,0.011473565095727086,0.00597370778192029
24,0,0.011085312831755128,0.006202197796332848
25,0,0.010713553818544126,0.006434116304325681
26,0,0.010356979196972703,0.006669969636227056
27,0,0.01001439714142368,0.00691027086653279
28,0,0.009684718456032386,0.0071555442231711576
29,0,0.009366944051476535,0.007406329493358292
30,0,0.009060153997189974,0.0076631865087295505
31,0,0.008763497895132099,0.007926699791165072
32,0,0.008476186362303082,0.008197483442123784
33,0,0.008197483442123784,0.008476186362303082
34,0,0.007926699791165072,0.008763497895132099
35,0,0.0076631865087295505,0.009060153997189974
36,0,0.007406329493358292,0.009366944051476535
37,0,0.0071555442231711576,0.009684718456032386
38,0,0.00691027086653279,0.01001439714142368
39,0,0.006669969636227056,0.010356979196972703
40,0,0.006434116304325681,0.010713553818544126
41,0,0.006202197796332848,0.011085312831755128
42,0,0.00597370778192029,0.011473565095727086
43,0,0.005748142175458246,0.011879753156602288
44,0,0.005524994452231439,0.01230547260055332
45,0,0.005303750675176141,0.012752494657530263
46,0,0.005083884111385725,0.01322279273568932
47,0,0.00486484929639899,0.013718573730547095
48,0,0.004646075375866767,0.014242315163454398
49,0,0.00442695851645536,0.014796809475999612
50,0,0.004206853127840649,0.01538521716094018
51,0,0.003985061571277315,0.016011130874576063
52,0,0.0037608219417459357,0.01667865328961471
53,0,0.0035332933919897504,0.01739249226719679
54,0,0.0033015383062771526,0.01815807803114726
55,0,0.003064500412776025,0.018981708531011707
56,0,0.0028209776216250003,0.019870731249892484
57,0,0.0025695879550262585,0.020833772595594064
58,0,0.0023087263417361018,0.02188103008014213
59,0,0.002036509198413216,0.02302464830963043
60,0,0.001750702485893172,0.024279208252655032
61,0,0.0014486271063095615,0.025662371721792893
62,0,0.0011270327689583868,0.027195741733080665
63,0,0.00078192725732374,0.028906028107690024
64,0,0.000408341460742481,0.03082665261350887
1,2,0.059732680721198896,0.001190268718066221
1,3,0.05802239434658954,0.0015353742297008679
1,4,0.056489024335301764,0.0018569685670520425
1,5,0.055105860866163904,0.002159043946635653
1,6,0.053851300923139306,0.002444850659155697
1,7,0.052707682693651,0.002717067802478583
1,8,0.05166042520910294,0.0029779294157687396
1,9,0.050697383863401356,0.0032293190823674814
1,10,0.04980836114452058,0.003472841873518506
1,11,0.04898473064465613,0.0037098797670196337
1,12,0.04821914488070567,0.0039416348527322315
1,13,0.04750530590312358,0.004169163402488417
1,14,0.046837783488084934,0.004393403032019796
1,15,0.04621186977444905,0.00461519458858313
1,16,0.04562346208950849,0.004835299977197841
1,17,0.04506896777696327,0.005054416836609248
1,18,0.044545226344055965,0.005273190757141471
1,19,0.04404944534919819,0.005492225572128206
1,20,0.043579147271039134,0.005712092135918622
1,21,0.04313212521406219,0.00593333591297392
1,22,0.04270640577011116,0.0061564836362007274
1,23,0.042300217709235956,0.006382049242662771
1,24,0.041911965445264,0.006610539257075329
1,25,0.041540206432053,0.006842457765068162
1,26,0.041183631810481576,0.007078311096969537
1,27,0.04084104975493255,0.007318612327275271
1,28,0.04051137106954126,0.007563885683913639
1,29,0.040193596664985405,0.007814670954100773
1,30,0.03988680661069885,0.00807152796947203
1,31,0.03959015050864097,0.008335041251907552
1,32,0.03930283897581195,0.008605824902866264
1,33,0.03902413605563265,0.008884527823045562
1,34,0.038753352404673945,0.00917183935587458
1,35,0.038489839122238426,0.009468495457932454
1,36,0.03823298210686717,0.009775285512219015
1,37,0.03798219683668003,0.010093059916774866
1,38,0.037736923480041665,0.01042273860216616
1,39,0.03749662224973593,0.010765320657715183
1,40,0.03726076891783455,0.011121895279286606
1,41,0.03702885040984172,0.011493654292497608
1,42,0.03680036039542916,0.011881906556469566
1,43,0.03657479478896712,0.012288094617344768
1,44,0.03635164706574031,0.0127138140612958
1,45,0.03613040328868501,0.013160836118272743
1,46,0.035910536724894596,0.013631134196431801
1,47,0.03569150190990786,0.014126915191289575
1,48,0.03547272798937564,0.014650656624196878
1,49,0.03525361112996423,0.015205150936742092
1,50,0.03503350574134952,0.01579355862168266
1,51,0.03481171418478619,0.016419472335318545
1,52,0.03458747455525481,0.01708699475035719
1,53,0.034359946005498625,0.017800833727939273
1,54,0.03412819091978603,0.01856641949188974
1,55,0.0338911530262849,0.01939004999175419
1,56,0.03364763023513387,0.020279072710634966
1,57,0.03339624056853513,0.021242114056336546
1,58,0.03313537895524497,0.02228937154088461
1,59,0.03286316181192209,0.023432989770372913
1,60,0.032577355099402044,0.024687549713397514
1,61,0.03227527971981843,0.026070713182535375
1,62,0.03195368538246726,0.027604083193823147
1,63,0.03160857987083261,0.029314369568432506
1,64,0.031234994074251354,0.031234994074251354
2,3,0.056101769840770685,0.0019089600262821268
2,4,0.054568399829482916,0.0022305543636333015
2,5,0.053185236360345056,0.0025326297432169123
2,6,0.05193067641732045,0.002818436455736956
2,7,0.05078705818783215,0.0030906535990598417
2,8,0.049739800703284084,0.0033515152123499985
2,9,0.04877675935758251,0.0036029048789487403
2,10,0.04788773663870173,0.003846427670099765
2,11,0.04706410613883728,0.004083465563600893
2,12,0.04629852037488681,0.00431522064931349
2,13,0.04558468139730473,0.004542749199069676
2,14,0.04491715898226609,0.004766988828601056
2,15,0.0442912452686302,0.004988780385164388
2,16,0.04370283758368963,0.0052088857737791
2,17,0.04314834327114442,0.0054280026331905065
2,18,0.04262460183823712,0.00564677655372273
2,19,0.04212882084337934,0.005865811368709464
2,20,0.041658522765220286,0.0060856779324998805
2,21,0.041211500708243344,0.0063069217095551786
2,22,0.04078578126429231,0.006530069432781987
2,23,0.04037959320341711,0.006755635039244029
2,24,0.039991340939445154,0.006984125053656589
2,25,0.039619581926234146,0.0072160435616494215
2,26,0.03926300730466273,0.007451896893550795
2,27,0.0389204252491137,0.00769219812385653
2,28,0.03859074656372241,0.007937471480494897
2,29,0.03827297215916656,0.008188256750682032
2,30,0.037966182104879995,0.00844511376605329
2,31,0.037669526002822126,0.008708627048488812
2,32,0.037382214469993104,0.008979410699447524
2,33,0.03710351154981381,0.009258113619626822
2,34,0.0368327278988551,0.00954542515245584
2,35,0.03656921461641957,0.009842081254513715
2,36,0.03631235760104832,0.010148871308800276
2,37,0.03606157233086118,0.010466645713356126
2,38,0.03581629897422281,0.01079632439874742
2,39,0.03557599774391708,0.011138906454296443
2,40,0.0353401444120157,0.011495481075867866
2,41,0.03510822590402287,0.011867240089078869
2,42,0.03487973588961031,0.012255492353050826
2,43,0.03465417028314827,0.012661680413926029
2,44,0.03443102255992146,0.01308739985787706
2,45,0.034209778782866164,0.013534421914854003
2,46,0.03398991221907575,0.014004719993013061
2,47,0.03377087740408902,0.014500500987870835
2,48,0.03355210348355679,0.015024242420778138
2,49,0.03333298662414538,0.015578736733323353
2,50,0.033112881235530675,0.016167144418263918
2,51,0.03289108967896734,0.016793058131899803
2,52,0.03266685004943596,0.01746058054693845
2,53,0.03243932149967978,0.018174419524520532
2,54,0.03220756641396717,0.018940005288471
2,55,0.03197052852046605,0.019763635788335447
2,56,0.03172700572931503,0.020652658507216225
2,57,0.03147561606271628,0.021615699852917804
2,58,0.031214754449426126,0.02266295733746587
2,59,0.03094253730610324,0.02380657556695417
2,60,0.030656730593583197,0.025061135509978773
2,61,0.030354655213999587,0.026444298979116633
2,62,0.03003306087664841,0.027977668990404405
2,63,0.029687955365013764,0.029687955365013764
2,64,0.029314369568432506,0.03160857987083261
3,4,0.052858113454873554,0.0025756598752679485
3,5,0.051474949985735693,0.002877735254851559
3,6,0.050220390042711095,0.0031635419673716027
3,7,0.04907677181322279,0.0034357591106944883
3,8,0.04802951432867473,0.003696620723984645
3,9,0.047066472982973145,0.003948010390583387
3,10,0.04617745026409237,0.004191533181734412
3,11,0.04535381976422792,0.004428571075235539
3,12,0.044588234000277456,0.004660326160948137
3,13,0.04387439502269537,0.004887854710704322
3,14,0.043206872607656724,0.005112094340235702
3,15,0.042580958894020846,0.005333885896799035
3,16,0.04199255120908028,0.005553991285413747
3,17,0.04143805689653506,0.0057731081448251535
3,18,0.04091431546362776,0.005991882065357376
3,19,0.04041853446876999,0.006210916880344111
3,20,0.03994823639061093,0.006430783444134528
3,21,0.03950121433363399,0.006652027221189826
3,22,0.039075494889682955,0.006875174944416633
3,23,0.03866930682880775,0.007100740550878676
3,24,0.03828105456483579,0.007329230565291235
3,25,0.03790929555162479,0.007561149073284068
3,26,0.037552720930053365,0.007797002405185442
3,27,0.03721013887450435,0.008037303635491176
3,28,0.03688046018911305,0.008282576992129545
3,29,0.0365626857845572,0.00853336226231668
3,30,0.03625589573027064,0.008790219277687937
3,31,0.035959239628212764,0.009053732560123458
3,32,0.03567192809538375,0.00932451621108217
3,33,0.03539322517520445,0.009603219131261468
3,34,0.035122441524245734,0.009890530664090486
3,35,0.034858928241810215,0.010187186766148361
3,36,0.034602071226438956,0.010493976820434922
3,37,0.03435128595625182,0.010811751224990772
3,38,0.034106012599613454,0.011141429910382066
3,39,0.03386571136930772,0.01148401196593109
3,40,0.03362985803740635,0.011840586587502512
3,41,0.033397939529413515,0.012212345600713515
3,42,0.033169449515000955,0.012600597864685472
3,43,0.03294388390853891,0.013006785925560675
3,44,0.032720736185312106,0.013432505369511707
3,45,0.03249949240825681,0.013879527426488649
3,46,0.03227962584446639,0.014349825504647707
3,47,0.032060591029479654,0.014845606499505481
3,48,0.03184181710894743,0.015369347932412784
3,49,0.03162270024953603,0.015923842244958
3,50,0.03140259486092131,0.016512249929898568
3,51,0.03118080330435798,0.01713816364353445
3,52,0.0309565636748266,0.017805686058573095
3,53,0.030729035125070414,0.018519525036155178
3,54,0.030497280039357817,0.019285110800105646
3,55,0.03026024214585669,0.020108741299970093
3,56,0.030016719354705665,0.02099776401885087
3,57,0.029765329688106922,0.02196080536455245
3,58,0.029504468074816766,0.023008062849100515
3,59,0.02923225093149388,0.024151681078588817
3,60,0.028946444218973837,0.02540624102161342
3,61,0.028644368839390227,0.02678940449075128
3,62,0.02832277450203905,0.02832277450203905
3,63,0.027977668990404405,0.03003306087664841
3,64,0.027604083193823147,0.03195368538246726
4,5,0.049941579974447925,0.003199329592202734
4,6,0.04868702003142332,0.0034851363047227776
4,7,0.04754340180193502,0.0037573534480456632
4,8,0.04649614431738695,0.00401821506133582
4,9,0.04553310297168538,0.004269604727934561
4,10,0.0446440802528046,0.004513127519085587
4,11,0.04382044975294015,0.004750165412586714
4,12,0.04305486398898968,0.004981920498299312
4,13,0.0423410250114076,0.005209449048055497
4,14,0.041673502596368955,0.005433688677586876
4,15,0.04104758888273307,0.0056554802341502106
4,16,0.0404591811977925,0.005875585622764922
4,17,0.03990468688524729,0.006094702482176329
4,18,0.039380945452339985,0.006313476402708551
4,19,0.03888516445748221,0.006532511217695287
4,20,0.038414866379323155,0.006752377781485703
4,21,0.03796784432234621,0.006973621558541001
4,22,0.03754212487839518,0.007196769281767807
4,23,0.03713593681751998,0.007422334888229852
4,24,0.03674768455354802,0.007650824902642409
4,25,0.036375925540337015,0.007882743410635242
4,26,0.0360193509187656,0.008118596742536618
4,27,0.03567676886321657,0.00835889797284235
4,28,0.03534709017782528,0.00860417132948072
4,29,0.035029315773269426,0.008854956599667854
4,30,0.03472252571898286,0.009111813615039112
4,31,0.034425869616924995,0.009375326897474633
4,32,0.03413855808409597,0.009646110548433345
4,33,0.03385985516391668,0.009924813468612643
4,34,0.033589071512957966,0.01021212500144166
4,35,0.03332555823052244,0.010508781103499535
4,36,0.03306870121515119,0.010815571157786096
4,37,0.03281791594496405,0.011133345562341947
4,38,0.03257264258832568,0.01146302424773324
4,39,0.03233234135801995,0.011805606303282264
4,40,0.03209648802611857,0.012162180924853687
4,41,0.03186456951812574,0.01253393993806469
4,42,0.03163607950371318,0.012922192202036647
4,43,0.031410513897251136,0.01332838026291185
4,44,0.03118736617402433,0.013754099706862881
4,45,0.030966122396969033,0.014201121763839824
4,46,0.030746255833178616,0.014671419841998882
4,47,0.030527221018191882,0.015167200836856656
4,48,0.03030844709765966,0.01569094226976396
4,49,0.030089330238248252,0.016245436582309175
4,50,0.02986922484963354,0.01683384426724974
4,51,0.029647433293070208,0.017459757980885626
4,52,0.02942319366353883,0.01812728039592427
4,53,0.029195665113782642,0.018841119373506354
4,54,0.028963910028070045,0.019606705137456822
4,55,0.02872687213456892,0.02043033563732127
4,56,0.028483349343417893,0.021319358356202047
4,57,0.02823195967681915,0.022282399701903627
4,58,0.027971098063528994,0.02332965718645169
4,59,0.027698880920206108,0.024473275415939993
4,60,0.027413074207686065,0.025727835358964595
4,61,0.027110998828102455,0.027110998828102455
4,62,0.02678940449075128,0.028644368839390227
4,63,0.026444298979116633,0.030354655213999587
4,64,0.026070713182535375,0.03227527971981843
5,6,0.04730385656228546,0.003787211684306388
5,7,0.04616023833279716,0.004059428827629274
5,8,0.04511298084824909,0.00432029044091943
5,9,0.04414993950254752,0.004571680107518172
5,10,0.04326091678366674,0.004815202898669197
5,11,0.04243728628380229,0.0050522407921703245
5,12,0.04167170051985182,0.005283995877882922
5,13,0.04095786154226974,0.005511524427639108
5,14,0.040290339127231095,0.005735764057170487
5,15,0.03966442541359521,0.0059575556137338205
5,16,0.03907601772865464,0.006177661002348532
5,17,0.03852152341610943,0.006396777861759939
5,18,0.037997781983202125,0.0066155517822921615
5,19,0.03750200098834435,0.006834586597278897
5,20,0.037031702910185295,0.007054453161069313
5,21,0.03658468085320835,0.007275696938124611
5,22,0.03615896140925732,0.007498844661351418
5,23,0.035752773348382116,0.007724410267813462
5,24,0.03536452108441016,0.007952900282226021
5,25,0.034992762071199154,0.008184818790218854
5,26,0.03463618744962774,0.008420672122120228
5,27,0.03429360539407871,0.008660973352425962
5,28,0.03396392670868742,0.00890624670906433
5,29,0.033646152304131566,0.009157031979251464
5,30,0.033339362249845,0.009413888994622723
5,31,0.033042706147787135,0.009677402277058244
5,32,0.03275539461495811,0.009948185928016957
5,33,0.03247669169477882,0.010226888848196255
5,34,0.032205908043820106,0.010514200381025272
5,35,0.03194239476138458,0.010810856483083147
5,36,0.03168553774601333,0.011117646537369708
5,37,0.03143475247582619,0.011435420941925558
5,38,0.031189479119187822,0.011765099627316852
5,39,0.030949177888882087,0.012107681682865875
5,40,0.03071332455698071,0.012464256304437298
5,41,0.03048140604898788,0.012836015317648301
5,42,0.030252916034575323,0.013224267581620259
5,43,0.03002735042811328,0.013630455642495461
5,44,0.02980420270488647,0.014056175086446493
5,45,0.029582958927831172,0.014503197143423435
5,46,0.029363092364040756,0.014973495221582494
5,47,0.029144057549054022,0.015469276216440267
5,48,0.0289252836285218,0.01599301764934757
5,49,0.02870616676911039,0.016547511961892785
5,50,0.02848606138049568,0.01713591964683335
5,51,0.028264269823932348,0.017761833360469235
5,52,0.028040030194400968,0.01842935577550788
5,53,0.027812501644644782,0.019143194753089964
5,54,0.027580746558932185,0.019908780517040432
5,55,0.02734370866543106,0.02073241101690488
5,56,0.027100185874280033,0.021621433735785657
5,57,0.02684879620768129,0.022584475081487237
5,58,0.026587934594391134,0.0236317325660353
5,59,0.026315717451068248,0.024775350795523603
5,60,0.026029910738548205,0.026029910738548205
5,61,0.025727835358964595,0.027413074207686065
5,62,0.02540624102161342,0.028946444218973837
5,63,0.025061135509978773,0.030656730593583197
5,64,0.024687549713397514,0.032577355099402044
6,7,0.04490567838977256,0.004345235540149318
6,8,0.043858420905224495,0.004606097153439475
6,9,0.04289537955952291,0.004857486820038216
6,10,0.042006356840642134,0.005101009611189242
6,11,0.04118272634077769,0.005338047504690369
6,12,0.04041714057682722,0.0055698025904029665
6,13,0.039703301599245136,0.005797331140159152
6,14,0.03903577918420649,0.006021570769690531
6,15,0.03840986547057061,0.006243362326253865
6,16,0.03782145778563004,0.006463467714868576
6,17,0.03726696347308483,0.006682584574279983
6,18,0.03674322204017753,0.006901358494812206
6,19,0.03624744104531975,0.007120393309798941
6,20,0.0357771429671607,0.007340259873589357
6,21,0.035330120910183754,0.007561503650644655
6,22,0.03490440146623272,0.0077846513738714625
6,23,0.03449821340535752,0.008010216980333506
6,24,0.03410996114138556,0.008238706994746065
6,25,0.033738202128174556,0.008470625502738898
6,26,0.03338162750660313,0.008706478834640272
6,27,0.033039045451054114,0.008946780064946005
6,28,0.032709366765662815,0.009192053421584374
6,29,0.03239159236110697,0.009442838691771508
6,30,0.032084802306820405,0.009699695707142766
6,31,0.03178814620476253,0.009963208989578289
6,32,0.031500834671933514,0.010233992640537
6,33,0.031222131751754215,0.010512695560716299
6,34,0.0309513481007955,0.010800007093545314
6,35,0.03068783481835998,0.01109666319560319
6,36,0.030430977802988722,0.011403453249889752
6,37,0.03018019253280159,0.011721227654445603
6,38,0.02993491917616322,0.012050906339836895
6,39,0.029694617945857486,0.01239348839538592
6,40,0.029458764613956114,0.01275006301695734
6,41,0.02922684610596328,0.013121822030168345
6,42,0.02899835609155072,0.013510074294140303
6,43,0.028772790485088677,0.013916262355015505
6,44,0.02854964276186187,0.014341981798966535
6,45,0.02832839898480657,0.014789003855943478
6,46,0.028108532421016155,0.015259301934102538
6,47,0.02788949760602942,0.01575508292896031
6,48,0.0276707236854972,0.016278824361867613
6,49,0.02745160682608579,0.016833318674412828
6,50,0.02723150143747108,0.017421726359353396
6,51,0.027009709880907746,0.018047640072989278
6,52,0.026785470251376366,0.018715162488027924
6,53,0.02655794170162018,0.019429001465610007
6,54,0.026326186615907583,0.020194587229560475
6,55,0.026089148722406457,0.021018217729424922
6,56,0.02584562593125543,0.0219072404483057
6,57,0.02559423626465669,0.02287028179400728
6,58,0.025333374651366532,0.023917539278555344
6,59,0.025061157508043646,0.025061157508043646
6,60,0.024775350795523603,0.026315717451068248
6,61,0.024473275415939993,0.027698880920206108
6,62,0.024151681078588817,0.02923225093149388
6,63,0.02380657556695417,0.03094253730610324
6,64,0.023432989770372913,0.03286316181192209
7,8,0.04271480267573619,0.00487831429676236
7,9,0.04175176133003461,0.005129703963361102
7,10,0.04086273861115383,0.005373226754512126
7,11,0.040039108111289384,0.005610264648013254
7,12,0.03927352234733892,0.005842019733725852
7,13,0.038559683369756834,0.0060695482834820375
7,14,0.03789216095471819,0.006293787913013417
7,15,0.03726624724108231,0.00651557946957675
7,16,0.03667783955614174,0.006735684858191462
7,17,0.036123345243596526,0.006954801717602869
7,18,0.035599603810689225,0.007173575638135091
7,19,0.03510382281583145,0.0073926104531218265
7,20,0.034633524737672394,0.007612477016912243
7,21,0.03418650268069545,0.00783372079396754
7,22,0.03376078323674442,0.008056868517194348
7,23,0.033354595175869216,0.008282434123656392
7,24,0.032966342911897255,0.00851092413806895
7,25,0.032594583898686254,0.008742842646061783
7,26,0.03223800927711483,0.008978695977963157
7,27,0.03189542722156581,0.009218997208268891
7,28,0.03156574853617451,0.00946427056490726
7,29,0.031247974131618665,0.009715055835094393
7,30,0.030941184077332103,0.009971912850465652
7,31,0.030644527975274227,0.010235426132901173
7,32,0.030357216442445212,0.010506209783859886
7,33,0.030078513522265912,0.010784912704039184
7,34,0.029807729871307198,0.0110722242368682
7,35,0.02954421658887168,0.011368880338926076
7,36,0.02928735957350042,0.011675670393212637
7,37,0.029036574303313287,0.011993444797768487
7,38,0.028791300946674918,0.012323123483159781
7,39,0.028550999716369183,0.012665705538708804
7,40,0.02831514638446781,0.013022280160280227
7,41,0.028083227876474978,0.01339403917349123
7,42,0.02785473786206242,0.013782291437463188
7,43,0.027629172255600375,0.01418847949833839
7,44,0.027406024532373566,0.014614198942289422
7,45,0.02718478075531827,0.015061220999266364
7,46,0.026964914191527852,0.015531519077425423
7,47,0.026745879376541118,0.016027300072283195
7,48,0.026527105456008896,0.0165510415051905
7,49,0.026307988596597488,0.017105535817735714
7,50,0.026087883207982776,0.01769394350267628
7,51,0.025866091651419443,0.018319857216312165
7,52,0.025641852021888064,0.01898737963135081
7,53,0.025414323472131878,0.019701218608932893
7,54,0.02518256838641928,0.02046680437288336
7,55,0.024945530492918155,0.02129043487274781
7,56,0.02470200770176713,0.022179457591628586
7,57,0.024450618035168386,0.023142498937330166
7,58,0.02418975642187823,0.02418975642187823
7,59,0.023917539278555344,0.025333374651366532
7,60,0.0236317325660353,0.026587934594391134
7,61,0.02332965718645169,0.027971098063528994
7,62,0.023008062849100515,0.029504468074816766
7,63,0.02266295733746587,0.031214754449426126
7,64,0.02228937154088461,0.03313537895524497
8,9,0.040704503845486545,0.005390565576651259
8,10,0.03981548112660577,0.005634088367802284
8,11,0.03899185062674132,0.005871126261303411
8,12,0.038226264862790856,0.006102881347016009
8,13,0.03751242588520877,0.006330409896772194
8,14,0.03684490347017012,0.006554649526303574
8,15,0.036218989756534245,0.006776441082866907
8,16,0.035630582071593676,0.006996546471481619
8,17,0.03507608775904846,0.007215663330893025
8,18,0.03455234632614116,0.007434437251425248
8,19,0.03405656533128339,0.007653472066411983
8,20,0.03358626725312433,0.0078733386302024
8,21,0.03313924519614739,0.008094582407257698
8,22,0.032713525752196354,0.008317730130484504
8,23,0.03230733769132115,0.008543295736946548
8,24,0.03191908542734919,0.008771785751359108
8,25,0.03154732641413819,0.00900370425935194
8,26,0.031190751792566765,0.009239557591253314
8,27,0.030848169737017744,0.009479858821559047
8,28,0.030518491051626448,0.009725132178197416
8,29,0.0302007166470706,0.00997591744838455
8,30,0.02989392659278404,0.010232774463755808
8,31,0.029597270490726163,0.010496287746191331
8,32,0.029309958957897148,0.010767071397150042
8,33,0.029031256037717848,0.011045774317329341
8,34,0.028760472386759134,0.011333085850158357
8,35,0.028496959104323615,0.011629741952216232
8,36,0.028240102088952355,0.011936532006502795
8,37,0.027989316818765222,0.012254306411058645
8,38,0.027744043462126854,0.012583985096449937
8,39,0.02750374223182112,0.012926567151998962
8,40,0.027267888899919747,0.013283141773570383
8,41,0.027035970391926914,0.013654900786781388
8,42,0.026807480377514355,0.014043153050753345
8,43,0.02658191477105231,0.014449341111628548
8,44,0.026358767047825502,0.014875060555579578
8,45,0.026137523270770204,0.01532208261255652
8,46,0.025917656706979788,0.01579238069071558
8,47,0.025698621891993054,0.016288161685573354
8,48,0.025479847971460832,0.016811903118480655
8,49,0.025260731112049423,0.01736639743102587
8,50,0.025040625723434712,0.01795480511596644
8,51,0.02481883416687138,0.01858071882960232
8,52,0.02459459453734,0.019248241244640966
8,53,0.024367065987583814,0.01996208022222305
8,54,0.024135310901871217,0.020727665986173517
8,55,0.02389827300837009,0.021551296486037964
8,56,0.023654750217219064,0.022440319204918742
8,57,0.02340336055062032,0.02340336055062032
8,58,0.023142498937330166,0.024450618035168386
8,59,0.02287028179400728,0.02559423626465669
8,60,0.022584475081487237,0.02684879620768129
8,61,0.022282399701903627,0.02823195967681915
8,62,0.02196080536455245,0.029765329688106922
8,63,0.021615699852917804,0.03147561606271628
8,64,0.021242114056336546,0.03339624056853513
9,10,0.03885243978090419,0.005885478034401025
9,11,0.038028809281039744,0.006122515927902153
9,12,0.03726322351708927,0.006354271013614751
9,13,0.03654938453950719,0.006581799563370936
9,14,0.03588186212446855,0.0068060391929023155
9,15,0.03525594841083266,0.007027830749465649
9,16,0.03466754072589209,0.0072479361380803605
9,17,0.03411304641334688,0.007467052997491767
9,18,0.03358930498043958,0.00768582691802399
9,19,0.0330935239855818,0.007904861733010724
9,20,0.03262322590742275,0.00812472829680114
9,21,0.032176203850445804,0.008345972073856438
9,22,0.03175048440649477,0.008569119797083247
9,23,0.03134429634561957,0.008794685403545291
9,24,0.030956044081647614,0.009023175417957848
9,25,0.03058428506843661,0.009255093925950681
9,26,0.03022771044686519,0.009490947257852055
9,27,0.029885128391316164,0.00973124848815779
9,28,0.02955544970592487,0.009976521844796159
9,29,0.029237675301369018,0.010227307114983292
9,30,0.02893088524708246,0.01048416413035455
9,31,0.028634229145024583,0.010747677412790072
9,32,0.028346917612195564,0.011018461063748784
9,33,0.028068214692016268,0.011297163983928082
9,34,0.027797431041057558,0.0115844755167571
9,35,0.027533917758622035,0.011881131618814975
9,36,0.027277060743250776,0.012187921673101535
9,37,0.027026275473063643,0.012505696077657386
9,38,0.026781002116425274,0.01283537476304868
9,39,0.02654070088611954,0.013177956818597703
9,40,0.026304847554218164,0.013534531440169126
9,41,0.02607292904622533,0.013906290453380129
9,42,0.025844439031812775,0.014294542717352086
9,43,0.02561887342535073,0.014700730778227289
9,44,0.025395725702123922,0.01512645022217832
9,45,0.025174481925068624,0.015573472279155263
9,46,0.024954615361278208,0.016043770357314323
9,47,0.024735580546291474,0.016539551352172097
9,48,0.024516806625759252,0.017063292785079398
9,49,0.024297689766347844,0.017617787097624613
9,50,0.024077584377733132,0.01820619478256518
9,51,0.0238557928211698,0.018832108496201063
9,52,0.02363155319163842,0.01949963091123971
9,53,0.023404024641882234,0.020213469888821792
9,54,0.023172269556169637,0.02097905565277226
9,55,0.02293523166266851,0.021802686152636707
9,56,0.022691708871517485,0.022691708871517485
9,57,0.022440319204918742,0.023654750217219064
9,58,0.022179457591628586,0.02470200770176713
9,59,0.0219072404483057,0.02584562593125543
9,60,0.021621433735785657,0.027100185874280033
9,61,0.021319358356202047,0.028483349343417893
9,62,0.02099776401885087,0.030016719354705665
9,63,0.020652658507216225,0.03172700572931503
9,64,0.020279072710634966,0.03364763023513387
10,11,0.037139786562158966,0.006366038719053177
10,12,0.036374200798208495,0.006597793804765776
10,13,0.035660361820626416,0.00682532235452196
10,14,0.03499283940558777,0.00704956198405334
10,15,0.034366925691951884,0.007271353540616674
10,16,0.033778518007011316,0.007491458929231386
10,17,0.0332240236944661,0.0077105757886427925
10,18,0.0327002822615588,0.007929349709175014
10,19,0.032204501266701026,0.00814838452416175
10,20,0.03173420318854197,0.008368251087952167
10,21,0.03128718113156503,0.008589494865007465
10,22,0.030861461687613993,0.008812642588234271
10,23,0.03045527362673879,0.009038208194696315
10,24,0.030067021362766837,0.009266698209108873
10,25,0.029695262349555832,0.009498616717101706
10,26,0.02933868772798441,0.009734470049003081
10,27,0.028996105672435386,0.009974771279308814
10,28,0.028666426987044094,0.010220044635947183
10,29,0.02834865258248824,0.010470829906134318
10,30,0.02804186252820168,0.010727686921505575
10,31,0.027745206426143806,0.010991200203941096
10,32,0.027457894893314787,0.011261983854899809
10,33,0.02717919197313549,0.011540686775079106
10,34,0.02690840832217678,0.011827998307908124
10,35,0.026644895039741257,0.012124654409965999
10,36,0.026388038024369998,0.01243144446425256
10,37,0.026137252754182865,0.01274921886880841
10,38,0.025891979397544496,0.013078897554199704
10,39,0.02565167816723876,0.013421479609748727
10,40,0.025415824835337386,0.01377805423132015
10,41,0.025183906327344553,0.014149813244531153
10,42,0.024955416312931997,0.01453806550850311
10,43,0.024729850706469953,0.014944253569378313
10,44,0.024506702983243145,0.015369973013329345
10,45,0.024285459206187847,0.01581699507030629
10,46,0.02406559264239743,0.016287293148465345
10,47,0.023846557827410696,0.01678307414332312
10,48,0.023627783906878475,0.017306815576230424
10,49,0.023408667047467066,0.01786130988877564
10,50,0.023188561658852355,0.018449717573716204
10,51,0.022966770102289022,0.01907563128735209
10,52,0.022742530472757642,0.019743153702390735
10,53,0.022515001923001456,0.020456992679972818
10,54,0.02228324683728886,0.021222578443923286
10,55,0.022046208943787733,0.022046208943787733
10,56,0.021802686152636707,0.02293523166266851
10,57,0.021551296486037964,0.02389827300837009
10,58,0.02129043487274781,0.024945530492918155
10,59,0.021018217729424922,0.026089148722406457
10,60,0.02073241101690488,0.02734370866543106
10,61,0.02043033563732127,0.02872687213456892
10,62,0.020108741299970093,0.03026024214585669
10,63,0.019763635788335447,0.03197052852046605
10,64,0.01939004999175419,0.0338911530262849
11,12,0.03555057029834405,0.006834831698266903
11,13,0.03483673132076197,0.007062360248023088
11,14,0.03416920890572332,0.007286599877554468
11,15,0.03354329519208744,0.007508391434117801
11,16,0.03295488750714687,0.007728496822732513
11,17,0.032400393194601654,0.00794761368214392
11,18,0.03187665176169435,0.008166387602676142
11,19,0.03138087076683658,0.008385422417662877
11,20,0.030910572688677522,0.008605288981453293
11,21,0.03046355063170058,0.00882653275850859
11,22,0.030037831187749546,0.009049680481735399
11,23,0.029631643126874344,0.009275246088197443
11,24,0.02924339086290239,0.00950373610261
11,25,0.028871631849691385,0.009735654610602834
11,26,0.028515057228119964,0.009971507942504208
11,27,0.02817247517257094,0.010211809172809942
11,28,0.027842796487179647,0.010457082529448311
11,29,0.027525022082623793,0.010707867799635444
11,30,0.027218232028337234,0.010964724815006703
11,31,0.02692157592627936,0.011228238097442224
11,32,0.02663426439345034,0.011499021748400937
11,33,0.026355561473271043,0.011777724668580234
11,34,0.026084777822312333,0.012065036201409252
11,35,0.02582126453987681,0.012361692303467127
11,36,0.02556440752450555,0.012668482357753688
11,37,0.025313622254318418,0.012986256762309538
11,38,0.02506834889768005,0.013315935447700832
11,39,0.024828047667374314,0.013658517503249855
11,40,0.02459219433547294,0.014015092124821278
11,41,0.024360275827480106,0.014386851138032281
11,42,0.02413178581306755,0.014775103402004238
11,43,0.023906220206605506,0.015181291462879441
11,44,0.023683072483378698,0.015607010906830473
11,45,0.0234618287063234,0.016054032963807415
11,46,0.023241962142532983,0.016524331041966475
11,47,0.02302292732754625,0.01702011203682425
11,48,0.022804153407014027,0.01754385346973155
11,49,0.02258503654760262,0.018098347782276765
11,50,0.022364931158987907,0.018686755467217334
11,51,0.022143139602424575,0.019312669180853215
11,52,0.021918899972893195,0.01998019159589186
11,53,0.02169137142313701,0.020694030573473944
11,54,0.021459616337424412,0.021459616337424412
11,55,0.021222578443923286,0.02228324683728886
11,56,0.02097905565277226,0.023172269556169637
11,57,0.020727665986173517,0.024135310901871217
11,58,0.02046680437288336,0.02518256838641928
11,59,0.020194587229560475,0.026326186615907583
11,60,0.019908780517040432,0.027580746558932185
11,61,0.019606705137456822,0.028963910028070045
11,62,0.019285110800105646,0.030497280039357817
11,63,0.018940005288471,0.03220756641396717
11,64,0.01856641949188974,0.03412819091978603
12,13,0.0340711455568115,0.007294115333735686
12,14,0.03340362314177285,0.007518354963267066
12,15,0.03277770942813697,0.007740146519830399
12,16,0.032189301743196404,0.00796025190844511
12,17,0.03163480743065119,0.008179368767856517
12,18,0.031111065997743888,0.00839814268838874
12,19,0.030615285002886114,0.008617177503375475
12,20,0.030144986924727054,0.008837044067165891
12,21,0.02969796486775011,0.00905828784422119
12,22,0.02927224542379908,0.009281435567447996
12,23,0.02886605736292388,0.00950700117391004
12,24,0.028477805098951918,0.0097354911883226
12,25,0.028106046085740917,0.009967409696315432
12,26,0.027749471464169492,0.010203263028216806
12,27,0.02740688940862047,0.010443564258522539
12,28,0.027077210723229175,0.010688837615160908
12,29,0.02675943631867333,0.010939622885348043
12,30,0.026452646264386766,0.0111964799007193
12,31,0.02615599016232889,0.011459993183154823
12,32,0.025868678629499875,0.011730776834113534
12,33,0.025589975709320575,0.012009479754292833
12,34,0.02531919205836186,0.012296791287121848
12,35,0.025055678775926342,0.012593447389179724
12,36,0.024798821760555083,0.012900237443466286
12,37,0.02454803649036795,0.013218011848022137
12,38,0.02430276313372958,0.013547690533413429
12,39,0.024062461903423846,0.013890272588962454
12,40,0.023826608571522474,0.014246847210533875
12,41,0.02359469006352964,0.01461860622374488
12,42,0.023366200049117082,0.015006858487716837
12,43,0.023140634442655038,0.01541304654859204
12,44,0.02291748671942823,0.01583876599254307
12,45,0.02269624294237293,0.016285788049520012
12,46,0.022476376378582515,0.016756086127679072
12,47,0.02225734156359578,0.017251867122536846
12,48,0.02203856764306356,0.017775608555444147
12,49,0.02181945078365215,0.018330102867989362
12,50,0.02159934539503744,0.01891851055292993
12,51,0.021377553838474107,0.019544424266565812
12,52,0.021153314208942727,0.02021194668160446
12,53,0.02092578565918654,0.02092578565918654
12,54,0.020694030573473944,0.02169137142313701
12,55,0.020456992679972818,0.022515001923001456
12,56,0.020213469888821792,0.023404024641882234
12,57,0.01996208022222305,0.024367065987583814
12,58,0.019701218608932893,0.025414323472131878
12,59,0.019429001465610007,0.02655794170162018
12,60,0.019143194753089964,0.027812501644644782
12,61,0.018841119373506354,0.029195665113782642
12,62,0.018519525036155178,0.030729035125070414
12,63,0.018174419524520532,0.03243932149967978
12,64,0.017800833727939273,0.034359946005498625
13,14,0.03268978416419077,0.007745883513023251
13,15,0.032063870450554886,0.007967675069586583
13,16,0.03147546276561432,0.008187780458201295
13,17,0.030920968453069107,0.008406897317612703
13,18,0.0303972270201618,0.008625671238144925
13,19,0.029901446025304028,0.00884470605313166
13,20,0.02943114794714497,0.009064572616922076
13,21,0.02898412589016803,0.009285816393977374
13,22,0.028558406446216995,0.009508964117204182
13,23,0.028152218385341793,0.009734529723666226
13,24,0.02776396612136984,0.009963019738078784
13,25,0.027392207108158834,0.010194938246071617
13,26,0.027035632486587413,0.01043079157797299
13,27,0.02669305043103839,0.010671092808278725
13,28,0.026363371745647096,0.010916366164917094
13,29,0.026045597341091242,0.011167151435104227
13,30,0.025738807286804683,0.011424008450475486
13,31,0.025442151184746808,0.011687521732911007
13,32,0.02515483965191779,0.01195830538386972
13,33,0.024876136731738493,0.012237008304049017
13,34,0.024605353080779782,0.012524319836878035
13,35,0.02434183979834426,0.01282097593893591
13,36,0.024084982782973,0.01312776599322247
13,37,0.023834197512785867,0.013445540397778321
13,38,0.0235889241561475,0.013775219083169615
13,39,0.023348622925841764,0.014117801138718638
13,40,0.023112769593940388,0.014474375760290061
13,41,0.022880851085947555,0.014846134773501064
13,42,0.022652361071535,0.015234387037473021
13,43,0.022426795465072955,0.015640575098348222
13,44,0.022203647741846147,0.016066294542299256
13,45,0.02198240396479085,0.016513316599276198
13,46,0.021762537401000433,0.016983614677435255
13,47,0.0215435025860137,0.01747939567229303
13,48,0.021324728665481477,0.018003137105200333
13,49,0.021105611806070068,0.018557631417745548
13,50,0.020885506417455357,0.019146039102686113
13,51,0.020663714860892024,0.019771952816322
13,52,0.020439475231360645,0.020439475231360645
13,53,0.02021194668160446,0.021153314208942727
13,54,0.01998019159589186,0.021918899972893195
13,55,0.019743153702390735,0.022742530472757642
13,56,0.01949963091123971,0.02363155319163842
13,57,0.019248241244640966,0.02459459453734
13,58,0.01898737963135081,0.025641852021888064
13,59,0.018715162488027924,0.026785470251376366
13,60,0.01842935577550788,0.028040030194400968
13,61,0.01812728039592427,0.02942319366353883
13,62,0.017805686058573095,0.0309565636748266
13,63,0.01746058054693845,0.03266685004943596
13,64,0.01708699475035719,0.03458747455525481
14,15,0.03139634803551624,0.008191914699117963
14,16,0.030807940350575675,0.008412020087732675
14,17,0.03025344603803046,0.008631136947144083
14,18,0.029729704605123156,0.008849910867676305
14,19,0.029233923610265382,0.009068945682663039
14,20,0.028763625532106325,0.009288812246453455
14,21,0.028316603475129383,0.009510056023508753
14,22,0.02789088403117835,0.009733203746735562
14,23,0.027484695970303147,0.009958769353197606
14,24,0.027096443706331193,0.010187259367610163
14,25,0.02672468469312019,0.010419177875602996
14,26,0.026368110071548767,0.01065503120750437
14,27,0.026025528015999742,0.010895332437810105
14,28,0.02569584933060845,0.011140605794448474
14,29,0.025378074926052596,0.011391391064635607
14,30,0.025071284871766037,0.011648248080006866
14,31,0.02477462876970816,0.011911761362442387
14,32,0.024487317236879143,0.0121825450134011
14,33,0.024208614316699847,0.012461247933580397
14,34,0.023937830665741136,0.012748559466409414
14,35,0.023674317383305613,0.01304521556846729
14,36,0.023417460367934354,0.01335200562275385
14,37,0.02316667509774722,0.0136697800273097
14,38,0.022921401741108852,0.013999458712700995
14,39,0.022681100510803118,0.014342040768250018
14,40,0.022445247178901742,0.01469861538982144
14,41,0.02221332867090891,0.015070374403032443
14,42,0.021984838656496353,0.015458626667004401
14,43,0.02175927305003431,0.0158648147278796
14,44,0.0215361253268075,0.016290534171830635
14,45,0.021314881549752203,0.016737556228807578
14,46,0.021095014985961787,0.017207854306966634
14,47,0.020875980170975052,0.017703635301824408
14,48,0.02065720625044283,0.018227376734731713
14,49,0.020438089391031422,0.018781871047276927
14,50,0.02021798400241671,0.019370278732217493
14,51,0.019996192445853378,0.019996192445853378
14,52,0.019771952816322,0.020663714860892024
14,53,0.019544424266565812,0.021377553838474107
14,54,0.019312669180853215,0.022143139602424575
14,55,0.01907563128735209,0.022966770102289022
14,56,0.018832108496201063,0.0238557928211698
14,57,0.01858071882960232,0.02481883416687138
14,58,0.018319857216312165,0.025866091651419443
14,59,0.018047640072989278,0.027009709880907746
14,60,0.017761833360469235,0.028264269823932348
14,61,0.017459757980885626,0.029647433293070208
14,62,0.01713816364353445,0.03118080330435798
14,63,0.016793058131899803,0.03289108967896734
14,64,0.016419472335318545,0.03481171418478619
15,16,0.030182026636939793,0.008633811644296009
15,17,0.02962753232439458,0.008852928503707416
15,18,0.029103790891487274,0.009071702424239637
15,19,0.0286080098966295,0.009290737239226373
15,20,0.02813771181847044,0.00951060380301679
15,21,0.027690689761493498,0.009731847580072088
15,22,0.027264970317542467,0.009954995303298894
15,23,0.026858782256667265,0.010180560909760938
15,24,0.026470529992695307,0.010409050924173498
15,25,0.026098770979484306,0.01064096943216633
15,26,0.025742196357912882,0.010876822764067704
15,27,0.025399614302363857,0.011117123994373437
15,28,0.025069935616972565,0.011362397351011806
15,29,0.024752161212416714,0.011613182621198941
15,30,0.024445371158130155,0.011870039636570198
15,31,0.02414871505607228,0.012133552919005721
15,32,0.02386140352324326,0.012404336569964432
15,33,0.023582700603063965,0.012683039490143731
15,34,0.02331191695210525,0.012970351022972747
15,35,0.02304840366966973,0.013267007125030622
15,36,0.022791546654298472,0.013573797179317185
15,37,0.022540761384111336,0.013891571583873035
15,38,0.02229548802747297,0.014221250269264327
15,39,0.022055186797167236,0.014563832324813352
15,40,0.02181933346526586,0.014920406946384773
15,41,0.021587414957273027,0.015292165959595778
15,42,0.021358924942860468,0.015680418223567735
15,43,0.021133359336398427,0.016086606284442938
15,44,0.02091021161317162,0.016512325728393968
15,45,0.02068896783611632,0.01695934778537091
15,46,0.020469101272325905,0.01742964586352997
15,47,0.02025006645733917,0.017925426858387744
15,48,0.020031292536806945,0.018449168291295046
15,49,0.01981217567739554,0.01900366260384026
15,50,0.01959207028878083,0.01959207028878083
15,51,0.019370278732217493,0.02021798400241671
15,52,0.019146039102686113,0.020885506417455357
15,53,0.01891851055292993,0.02159934539503744
15,54,0.018686755467217334,0.022364931158987907
15,55,0.018449717573716204,0.023188561658852355
15,56,0.01820619478256518,0.024077584377733132
15,57,0.01795480511596644,0.025040625723434712
15,58,0.01769394350267628,0.026087883207982776
15,59,0.017421726359353396,0.02723150143747108
15,60,0.01713591964683335,0.02848606138049568
15,61,0.01683384426724974,0.02986922484963354
15,62,0.016512249929898568,0.03140259486092131
15,63,0.016167144418263918,0.033112881235530675
15,64,0.01579355862168266,0.03503350574134952
16,17,0.02903912463945401,0.009073033892322127
16,18,0.02851538320654671,0.009291807812854349
16,19,0.028019602211688935,0.009510842627841085
16,20,0.027549304133529875,0.009730709191631501
16,21,0.027102282076552933,0.0099519529686868
16,22,0.026676562632601902,0.010175100691913606
16,23,0.0262703745717267,0.01040066629837565
16,24,0.02588212230775474,0.01062915631278821
16,25,0.025510363294543738,0.010861074820781042
16,26,0.025153788672972313,0.011096928152682416
16,27,0.024811206617423292,0.011337229382988149
16,28,0.024481527932031996,0.011582502739626518
16,29,0.02416375352747615,0.011833288009813652
16,30,0.023856963473189587,0.01209014502518491
16,31,0.02356030737113171,0.012353658307620433
16,32,0.023272995838302696,0.012624441958579143
16,33,0.022994292918123396,0.012903144878758443
16,34,0.022723509267164682,0.013190456411587458
16,35,0.022459995984729163,0.013487112513645334
16,36,0.022203138969357904,0.013793902567931896
16,37,0.02195235369917077,0.014111676972487747
16,38,0.021707080342532402,0.014441355657879039
16,39,0.021466779112226667,0.014783937713428064
16,40,0.021230925780325295,0.015140512334999485
16,41,0.020999007272332462,0.01551227134821049
16,42,0.020770517257919903,0.015900523612182447
16,43,0.02054495165145786,0.01630671167305765
16,44,0.02032180392823105,0.01673243111700868
16,45,0.020100560151175752,0.017179453173985622
16,46,0.019880693587385336,0.017649751252144682
16,47,0.019661658772398602,0.018145532247002456
16,48,0.01944288485186638,0.018669273679909757
16,49,0.01922376799245497,0.01922376799245497
16,50,0.01900366260384026,0.01981217567739554
16,51,0.018781871047276927,0.020438089391031422
16,52,0.018557631417745548,0.021105611806070068
16,53,0.018330102867989362,0.02181945078365215
16,54,0.018098347782276765,0.02258503654760262
16,55,0.01786130988877564,0.023408667047467066
16,56,0.017617787097624613,0.024297689766347844
16,57,0.01736639743102587,0.025260731112049423
16,58,0.017105535817735714,0.026307988596597488
16,59,0.016833318674412828,0.02745160682608579
16,60,0.016547511961892785,0.02870616676911039
16,61,0.016245436582309175,0.030089330238248252
16,62,0.015923842244958,0.03162270024953603
16,63,0.015578736733323353,0.03333298662414538
16,64,0.015205150936742092,0.03525361112996423
17,18,0.027960888894001494,0.009510924672265757
17,19,0.02746510789914372,0.009729959487252492
17,20,0.02699480982098466,0.009949826051042908
17,21,0.026547787764007718,0.010171069828098206
17,22,0.026122068320056688,0.010394217551325014
17,23,0.025715880259181485,0.010619783157787057
17,24,0.025327627995209524,0.010848273172199614
17,25,0.024955868981998523,0.011080191680192447
17,26,0.0245992943604271,0.011316045012093823
17,27,0.024256712304878077,0.011556346242399557
17,28,0.02392703361948678,0.011801619599037924
17,29,0.023609259214930935,0.01205240486922506
17,30,0.023302469160644372,0.012309261884596318
17,31,0.023005813058586497,0.012572775167031838
17,32,0.02271850152575748,0.012843558817990552
17,33,0.02243979860557818,0.013122261738169848
17,34,0.022169014954619468,0.013409573270998867
17,35,0.021905501672183948,0.013706229373056742
17,36,0.02164864465681269,0.014013019427343301
17,37,0.021397859386625556,0.014330793831899152
17,38,0.021152586029987187,0.014660472517290447
17,39,0.020912284799681453,0.015003054572839469
17,40,0.02067643146778008,0.015359629194410893
17,41,0.020444512959787248,0.015731388207621894
17,42,0.02021602294537469,0.016119640471593852
17,43,0.019990457338912644,0.016525828532469054
17,44,0.019767309615685836,0.016951547976420088
17,45,0.019546065838630538,0.01739857003339703
17,46,0.01932619927484012,0.017868868111556087
17,47,0.019107164459853387,0.01836464910641386
17,48,0.018888390539321166,0.018888390539321166
17,49,0.018669273679909757,0.01944288485186638
17,50,0.018449168291295046,0.020031292536806945
17,51,0.018227376734731713,0.02065720625044283
17,52,0.018003137105200333,0.021324728665481477
17,53,0.017775608555444147,0.02203856764306356
17,54,0.01754385346973155,0.022804153407014027
17,55,0.017306815576230424,0.023627783906878475
17,56,0.017063292785079398,0.024516806625759252
17,57,0.016811903118480655,0.025479847971460832
17,58,0.0165510415051905,0.026527105456008896
17,59,0.016278824361867613,0.0276707236854972
17,60,0.01599301764934757,0.0289252836285218
17,61,0.01569094226976396,0.03030844709765966
17,62,0.015369347932412784,0.03184181710894743
17,63,0.015024242420778138,0.03355210348355679
17,64,0.014650656624196878,0.03547272798937564
18,19,0.026941366466236415,0.009948733407784714
18,20,0.026471068388077355,0.01016859997157513
18,21,0.026024046331100413,0.010389843748630428
18,22,0.025598326887149383,0.010612991471857236
18,23,0.02519213882627418,0.01083855707831928
18,24,0.024803886562302223,0.011067047092731838
18,25,0.024432127549091222,0.01129896560072467
18,26,0.024075552927519797,0.011534818932626045
18,27,0.023732970871970772,0.01177512016293178
18,28,0.02340329218657948,0.012020393519570148
18,29,0.02308551778202363,0.012271178789757281
18,30,0.02277872772773707,0.01252803580512854
18,31,0.022482071625679195,0.012791549087564061
18,32,0.022194760092850176,0.013062332738522774
18,33,0.02191605717267088,0.013341035658702071
18,34,0.021645273521712166,0.013628347191531089
18,35,0.021381760239276647,0.013925003293588964
18,36,0.021124903223905388,0.014231793347875525
18,37,0.02087411795371825,0.014549567752431375
18,38,0.020628844597079886,0.01487924643782267
18,39,0.02038854336677415,0.015221828493371692
18,40,0.020152690034872776,0.015578403114943115
18,41,0.019920771526879943,0.015950162128154116
18,42,0.019692281512467383,0.016338414392126077
18,43,0.019466715906005343,0.01674460245300128
18,44,0.019243568182778534,0.01717032189695231
18,45,0.019022324405723236,0.017617343953929252
18,46,0.01880245784193282,0.018087642032088312
18,47,0.018583423026946086,0.018583423026946086
18,48,0.01836464910641386,0.019107164459853387
18,49,0.018145532247002456,0.019661658772398602
18,50,0.017925426858387744,0.02025006645733917
18,51,0.017703635301824408,0.020875980170975052
18,52,0.01747939567229303,0.0215435025860137
18,53,0.017251867122536846,0.02225734156359578
18,54,0.01702011203682425,0.02302292732754625
18,55,0.01678307414332312,0.023846557827410696
18,56,0.016539551352172097,0.024735580546291474
18,57,0.016288161685573354,0.025698621891993054
18,58,0.016027300072283195,0.026745879376541118
18,59,0.01575508292896031,0.02788949760602942
18,60,0.015469276216440267,0.029144057549054022
18,61,0.015167200836856656,0.030527221018191882
18,62,0.014845606499505481,0.032060591029479654
18,63,0.014500500987870835,0.03377087740408902
18,64,0.014126915191289575,0.03569150190990786
19,20,0.02597528739321958,0.010387634786561866
19,21,0.02552826533624264,0.010608878563617164
19,22,0.02510254589229161,0.01083202628684397
19,23,0.024696357831416407,0.011057591893306015
19,24,0.02430810556744445,0.011286081907718574
19,25,0.023936346554233448,0.011518000415711407
19,26,0.023579771932662023,0.01175385374761278
19,27,0.023237189877113,0.011994154977918513
19,28,0.022907511191721706,0.012239428334556882
19,29,0.022589736787165856,0.012490213604744017
19,30,0.022282946732879297,0.012747070620115274
19,31,0.02198629063082142,0.013010583902550797
19,32,0.021698979097992403,0.013281367553509508
19,33,0.021420276177813106,0.013560070473688807
19,34,0.021149492526854392,0.013847382006517823
19,35,0.020885979244418873,0.014144038108575698
19,36,0.020629122229047614,0.01445082816286226
19,37,0.020378336958860477,0.014768602567418111
19,38,0.020133063602222112,0.015098281252809403
19,39,0.019892762371916378,0.015440863308358428
19,40,0.019656909040015002,0.01579743792992985
19,41,0.01942499053202217,0.016169196943140854
19,42,0.01919650051760961,0.01655744920711281
19,43,0.01897093491114757,0.016963637267988014
19,44,0.01874778718792076,0.017389356711939044
19,45,0.018526543410865463,0.017836378768915986
19,46,0.018306676847075046,0.018306676847075046
19,47,0.018087642032088312,0.01880245784193282
19,48,0.017868868111556087,0.01932619927484012
19,49,0.017649751252144682,0.019880693587385336
19,50,0.01742964586352997,0.020469101272325905
19,51,0.017207854306966634,0.021095014985961787
19,52,0.016983614677435255,0.021762537401000433
19,53,0.016756086127679072,0.022476376378582515
19,54,0.016524331041966475,0.023241962142532983
19,55,0.016287293148465345,0.02406559264239743
19,56,0.016043770357314323,0.024954615361278208
19,57,0.01579238069071558,0.025917656706979788
19,58,0.015531519077425423,0.026964914191527852
19,59,0.015259301934102538,0.028108532421016155
19,60,0.014973495221582494,0.029363092364040756
19,61,0.014671419841998882,0.030746255833178616
19,62,0.014349825504647707,0.03227962584446639
19,63,0.014004719993013061,0.03398991221907575
19,64,0.013631134196431801,0.035910536724894596
20,21,0.025057967258083583,0.01082874512740758
20,22,0.02463224781413255,0.011051892850634387
20,23,0.024226059753257347,0.01127745845709643
20,24,0.023837807489285393,0.01150594847150899
20,25,0.023466048476074388,0.011737866979501823
20,26,0.023109473854502967,0.011973720311403197
20,27,0.022766891798953942,0.01221402154170893
20,28,0.02243721311356265,0.012459294898347299
20,29,0.022119438709006796,0.012710080168534433
20,30,0.021812648654720237,0.01296693718390569
20,31,0.02151599255266236,0.013230450466341213
20,32,0.021228681019833343,0.013501234117299924
20,33,0.020949978099654046,0.013779937037479224
20,34,0.020679194448695336,0.014067248570308239
20,35,0.020415681166259813,0.014363904672366114
20,36,0.020158824150888554,0.014670694726652677
20,37,0.01990803888070142,0.014988469131208527
20,38,0.019662765524063052,0.01531814781659982
20,39,0.019422464293757317,0.015660729872148844
20,40,0.019186610961855942,0.016017304493720266
20,41,0.01895469245386311,0.01638906350693127
20,42,0.018726202439450553,0.016777315770903228
20,43,0.01850063683298851,0.01718350383177843
20,44,0.0182774891097617,0.01760922327572946
20,45,0.018056245332706403,0.018056245332706403
20,46,0.017836378768915986,0.018526543410865463
20,47,0.017617343953929252,0.019022324405723236
20,48,0.01739857003339703,0.019546065838630538
20,49,0.017179453173985622,0.020100560151175752
20,50,0.01695934778537091,0.02068896783611632
20,51,0.016737556228807578,0.021314881549752203
20,52,0.016513316599276198,0.02198240396479085
20,53,0.016285788049520012,0.02269624294237293
20,54,0.016054032963807415,0.0234618287063234
20,55,0.01581699507030629,0.024285459206187847
20,56,0.015573472279155263,0.025174481925068624
20,57,0.01532208261255652,0.026137523270770204
20,58,0.015061220999266364,0.02718478075531827
20,59,0.014789003855943478,0.02832839898480657
20,60,0.014503197143423435,0.029582958927831172
20,61,0.014201121763839824,0.030966122396969033
20,62,0.013879527426488649,0.03249949240825681
20,63,0.013534421914854003,0.034209778782866164
20,64,0.013160836118272743,0.03613040328868501
21,22,0.024185225757155607,0.011273136627689685
21,23,0.023779037696280404,0.011498702234151729
21,24,0.02339078543230845,0.011727192248564288
21,25,0.023019026419097446,0.011959110756557121
21,26,0.022662451797526025,0.012194964088458495
21,27,0.022319869741977,0.012435265318764228
21,28,0.021990191056585708,0.012680538675402597
21,29,0.021672416652029854,0.012931323945589731
21,30,0.021365626597743295,0.013188180960960989
21,31,0.02106897049568542,0.013451694243396511
21,32,0.0207816589628564,0.013722477894355222
21,33,0.020502956042677104,0.014001180814534522
21,34,0.020232172391718393,0.014288492347363537
21,35,0.01996865910928287,0.014585148449421412
21,36,0.01971180209391161,0.014891938503707975
21,37,0.01946101682372448,0.015209712908263825
21,38,0.01921574346708611,0.015539391593655118
21,39,0.018975442236780375,0.015881973649204142
21,40,0.018739588904879,0.016238548270775564
21,41,0.018507670396886167,0.016610307283986568
21,42,0.01827918038247361,0.016998559547958526
21,43,0.018053614776011567,0.017404747608833728
21,44,0.01783046705278476,0.01783046705278476
21,45,0.01760922327572946,0.0182774891097617
21,46,0.017389356711939044,0.01874778718792076
21,47,0.01717032189695231,0.019243568182778534
21,48,0.016951547976420088,0.019767309615685836
21,49,0.01673243111700868,0.02032180392823105
21,50,0.016512325728393968,0.02091021161317162
21,51,0.016290534171830635,0.0215361253268075
21,52,0.016066294542299256,0.022203647741846147
21,53,0.01583876599254307,0.02291748671942823
21,54,0.015607010906830473,0.023683072483378698
21,55,0.015369973013329345,0.024506702983243145
21,56,0.01512645022217832,0.025395725702123922
21,57,0.014875060555579578,0.026358767047825502
21,58,0.014614198942289422,0.027406024532373566
21,59,0.014341981798966535,0.02854964276186187
21,60,0.014056175086446493,0.02980420270488647
21,61,0.013754099706862881,0.03118736617402433
21,62,0.013432505369511707,0.032720736185312106
21,63,0.01308739985787706,0.03443102255992146
21,64,0.0127138140612958,0.03635164706574031
22,23,0.023353318252329374,0.011721849957378537
22,24,0.022965065988357417,0.011950339971791095
22,25,0.022593306975146416,0.012182258479783927
22,26,0.02223673235357499,0.012418111811685301
22,27,0.021894150298025966,0.012658413041991036
22,28,0.021564471612634674,0.012903686398629405
22,29,0.021246697208078823,0.013154471668816538
22,30,0.020939907153792264,0.013411328684187797
22,31,0.02064325105173439,0.013674841966623318
22,32,0.02035593951890537,0.01394562561758203
22,33,0.020077236598726074,0.014224328537761328
22,34,0.01980645294776736,0.014511640070590345
22,35,0.01954293966533184,0.01480829617264822
22,36,0.01928608264996058,0.015115086226934782
22,37,0.019035297379773445,0.015432860631490632
22,38,0.01879002402313508,0.015762539316881926
22,39,0.018549722792829345,0.016105121372430947
22,40,0.01831386946092797,0.016461695994002372
22,41,0.018081950952935136,0.016833455007213373
22,42,0.017853460938522577,0.017221707271185334
22,43,0.017627895332060536,0.017627895332060536
22,44,0.017404747608833728,0.018053614776011567
22,45,0.01718350383177843,0.01850063683298851
22,46,0.016963637267988014,0.01897093491114757
22,47,0.01674460245300128,0.019466715906005343
22,48,0.016525828532469054,0.019990457338912644
22,49,0.01630671167305765,0.02054495165145786
22,50,0.016086606284442938,0.021133359336398427
22,51,0.0158648147278796,0.02175927305003431
22,52,0.015640575098348222,0.022426795465072955
22,53,0.01541304654859204,0.023140634442655038
22,54,0.015181291462879441,0.023906220206605506
22,55,0.014944253569378313,0.024729850706469953
22,56,0.014700730778227289,0.02561887342535073
22,57,0.014449341111628548,0.02658191477105231
22,58,0.01418847949833839,0.027629172255600375
22,59,0.013916262355015505,0.028772790485088677
22,60,0.013630455642495461,0.03002735042811328
22,61,0.01332838026291185,0.031410513897251136
22,62,0.013006785925560675,0.03294388390853891
22,63,0.012661680413926029,0.03465417028314827
22,64,0.012288094617344768,0.03657479478896712
23,24,0.022558877927482214,0.012175905578253137
23,25,0.022187118914271213,0.01240782408624597
23,26,0.02183054429269979,0.012643677418147346
23,27,0.021487962237150764,0.01288397864845308
23,28,0.02115828355175947,0.013129252005091447
23,29,0.02084050914720362,0.013380037275278582
23,30,0.020533719092917062,0.013636894290649841
23,31,0.020237062990859186,0.01390040757308536
23,32,0.019949751458030168,0.014171191224044075
23,33,0.01967104853785087,0.01444989414422337
23,34,0.019400264886892157,0.01473720567705239
23,35,0.019136751604456638,0.015033861779110265
23,36,0.01887989458908538,0.015340651833396824
23,37,0.018629109318898242,0.015658426237952675
23,38,0.018383835962259877,0.01598810492334397
23,39,0.018143534731954142,0.01633068697889299
23,40,0.017907681400052767,0.016687261600464416
23,41,0.017675762892059934,0.017059020613675417
23,42,0.017447272877647375,0.017447272877647375
23,43,0.017221707271185334,0.017853460938522577
23,44,0.016998559547958526,0.01827918038247361
23,45,0.016777315770903228,0.018726202439450553
23,46,0.01655744920711281,0.01919650051760961
23,47,0.016338414392126077,0.019692281512467383
23,48,0.016119640471593852,0.02021602294537469
23,49,0.015900523612182447,0.020770517257919903
23,50,0.015680418223567735,0.021358924942860468
23,51,0.015458626667004401,0.021984838656496353
23,52,0.015234387037473021,0.022652361071535
23,53,0.015006858487716837,0.023366200049117082
23,54,0.014775103402004238,0.02413178581306755
23,55,0.01453806550850311,0.024955416312931997
23,56,0.014294542717352086,0.025844439031812775
23,57,0.014043153050753345,0.026807480377514355
23,58,0.013782291437463188,0.02785473786206242
23,59,0.013510074294140303,0.02899835609155072
23,60,0.013224267581620259,0.030252916034575323
23,61,0.012922192202036647,0.03163607950371318
23,62,0.012600597864685472,0.033169449515000955
23,63,0.012255492353050826,0.03487973588961031
23,64,0.011881906556469566,0.03680036039542916
24,25,0.021798866650299252,0.01263631410065853
24,26,0.02144229202872783,0.012872167432559905
24,27,0.02109970997317881,0.013112468662865638
24,28,0.020770031287787514,0.013357742019504005
24,29,0.020452256883231663,0.013608527289691141
24,30,0.0201454668289451,0.013865384305062399
24,31,0.019848810726887225,0.01412889758749792
24,32,0.01956149919405821,0.014399681238456632
24,33,0.01928279627387891,0.01467838415863593
24,34,0.0190120126229202,0.014965695691464947
24,35,0.018748499340484677,0.015262351793522822
24,36,0.01849164232511342,0.015569141847809383
24,37,0.018240857054926285,0.015886916252365234
24,38,0.017995583698287916,0.016216594937756526
24,39,0.017755282467982185,0.01655917699330555
24,40,0.01751942913608081,0.016915751614876975
24,41,0.017287510628087976,0.017287510628087976
24,42,0.017059020613675417,0.017675762892059934
24,43,0.016833455007213373,0.018081950952935136
24,44,0.016610307283986568,0.018507670396886167
24,45,0.01638906350693127,0.01895469245386311
24,46,0.016169196943140854,0.01942499053202217
24,47,0.015950162128154116,0.019920771526879943
24,48,0.015731388207621894,0.020444512959787248
24,49,0.01551227134821049,0.020999007272332462
24,50,0.015292165959595778,0.021587414957273027
24,51,0.015070374403032443,0.02221332867090891
24,52,0.014846134773501064,0.022880851085947555
24,53,0.01461860622374488,0.02359469006352964
24,54,0.014386851138032281,0.024360275827480106
24,55,0.014149813244531153,0.025183906327344553
24,56,0.013906290453380129,0.02607292904622533
24,57,0.013654900786781388,0.027035970391926914
24,58,0.01339403917349123,0.028083227876474978
24,59,0.013121822030168345,0.02922684610596328
24,60,0.012836015317648301,0.03048140604898788
24,61,0.01253393993806469,0.03186456951812574
24,62,0.012212345600713515,0.033397939529413515
24,63,0.011867240089078869,0.03510822590402287
24,64,0.011493654292497608,0.03702885040984172
25,26,0.021070533015516826,0.013104085940552738
25,27,0.020727950959967805,0.01334438717085847
25,28,0.02039827227457651,0.013589660527496838
25,29,0.020080497870020662,0.013840445797683974
25,30,0.0197737078157341,0.014097302813055232
25,31,0.019477051713676224,0.014360816095490753
25,32,0.01918974018084721,0.014631599746449465
25,33,0.01891103726066791,0.014910302666628763
25,34,0.018640253609709195,0.01519761419945778
25,35,0.018376740327273676,0.015494270301515655
25,36,0.018119883311902417,0.015801060355802216
25,37,0.017869098041715284,0.016118834760358067
25,38,0.017623824685076915,0.01644851344574936
25,39,0.01738352345477118,0.016791095501298384
25,40,0.01714767012286981,0.01714767012286981
25,41,0.016915751614876975,0.01751942913608081
25,42,0.016687261600464416,0.017907681400052767
25,43,0.016461695994002372,0.01831386946092797
25,44,0.016238548270775564,0.018739588904879
25,45,0.016017304493720266,0.019186610961855942
25,46,0.01579743792992985,0.019656909040015002
25,47,0.015578403114943115,0.020152690034872776
25,48,0.015359629194410893,0.02067643146778008
25,49,0.015140512334999485,0.021230925780325295
25,50,0.014920406946384773,0.02181933346526586
25,51,0.01469861538982144,0.022445247178901742
25,52,0.014474375760290061,0.023112769593940388
25,53,0.014246847210533875,0.023826608571522474
25,54,0.014015092124821278,0.02459219433547294
25,55,0.01377805423132015,0.025415824835337386
25,56,0.013534531440169126,0.026304847554218164
25,57,0.013283141773570383,0.027267888899919747
25,58,0.013022280160280227,0.02831514638446781
25,59,0.01275006301695734,0.029458764613956114
25,60,0.012464256304437298,0.03071332455698071
25,61,0.012162180924853687,0.03209648802611857
25,62,0.011840586587502512,0.03362985803740635
25,63,0.011495481075867866,0.0353401444120157
25,64,0.011121895279286606,0.03726076891783455
26,27,0.020371376338396384,0.013580240502759845
26,28,0.020041697653005088,0.013825513859398213
26,29,0.019723923248449238,0.014076299129585348
26,30,0.019417133194162675,0.014333156144956605
26,31,0.0191204770921048,0.014596669427392128
26,32,0.018833165559275784,0.014867453078350839
26,33,0.018554462639096485,0.015146155998530138
26,34,0.018283678988137774,0.015433467531359154
26,35,0.01802016570570225,0.01573012363341703
26,36,0.017763308690330996,0.016036913687703592
26,37,0.01751252342014386,0.016354688092259442
26,38,0.01726725006350549,0.016684366777650735
26,39,0.01702694883319976,0.01702694883319976
26,40,0.016791095501298384,0.01738352345477118
26,41,0.01655917699330555,0.017755282467982185
26,42,0.01633068697889299,0.018143534731954142
26,43,0.016105121372430947,0.018549722792829345
26,44,0.015881973649204142,0.018975442236780375
26,45,0.015660729872148844,0.019422464293757317
26,46,0.015440863308358428,0.019892762371916378
26,47,0.015221828493371692,0.02038854336677415
26,48,0.015003054572839469,0.020912284799681453
26,49,0.014783937713428064,0.021466779112226667
26,50,0.014563832324813352,0.022055186797167236
26,51,0.014342040768250018,0.022681100510803118
26,52,0.014117801138718638,0.023348622925841764
26,53,0.013890272588962454,0.024062461903423846
26,54,0.013658517503249855,0.024828047667374314
26,55,0.013421479609748727,0.02565167816723876
26,56,0.013177956818597703,0.02654070088611954
26,57,0.012926567151998962,0.02750374223182112
26,58,0.012665705538708804,0.028550999716369183
26,59,0.01239348839538592,0.029694617945857486
26,60,0.012107681682865875,0.030949177888882087
26,61,0.011805606303282264,0.03233234135801995
26,62,0.01148401196593109,0.03386571136930772
26,63,0.011138906454296443,0.03557599774391708
26,64,0.010765320657715183,0.03749662224973593
27,28,0.019699115597456067,0.014065815089703948
27,29,0.019381341192900213,0.014316600359891081
27,30,0.019074551138613654,0.01457345737526234
27,31,0.01877789503655578,0.014836970657697861
27,32,0.01849058350372676,0.015107754308656574
27,33,0.018211880583547464,0.015386457228835871
27,34,0.017941096932588753,0.01567376876166489
27,35,0.01767758365015323,0.015970424863722764
27,36,0.01742072663478197,0.016277214918009326
27,37,0.017169941364594838,0.016594989322565173
27,38,0.01692466800795647,0.01692466800795647
27,39,0.016684366777650735,0.01726725006350549
27,40,0.01644851344574936,0.017623824685076915
27,41,0.016216594937756526,0.017995583698287916
27,42,0.01598810492334397,0.018383835962259877
27,43,0.015762539316881926,0.01879002402313508
27,44,0.015539391593655118,0.01921574346708611
27,45,0.01531814781659982,0.019662765524063052
27,46,0.015098281252809403,0.020133063602222112
27,47,0.01487924643782267,0.020628844597079886
27,48,0.014660472517290447,0.021152586029987187
27,49,0.014441355657879039,0.021707080342532402
27,50,0.014221250269264327,0.02229548802747297
27,51,0.013999458712700995,0.022921401741108852
27,52,0.013775219083169615,0.0235889241561475
27,53,0.013547690533413429,0.02430276313372958
27,54,0.013315935447700832,0.02506834889768005
27,55,0.013078897554199704,0.025891979397544496
27,56,0.01283537476304868,0.026781002116425274
27,57,0.012583985096449937,0.027744043462126854
27,58,0.012323123483159781,0.028791300946674918
27,59,0.012050906339836895,0.02993491917616322
27,60,0.011765099627316852,0.031189479119187822
27,61,0.01146302424773324,0.03257264258832568
27,62,0.011141429910382066,0.034106012599613454
27,63,0.01079632439874742,0.03581629897422281
27,64,0.01042273860216616,0.037736923480041665
28,29,0.01905166250750892,0.01456187371652945
28,30,0.018744872453222358,0.014818730731900709
28,31,0.018448216351164483,0.015082244014336228
28,32,0.018160904818335467,0.015353027665294942
28,33,0.017882201898156168,0.01563173058547424
28,34,0.017611418247197457,0.015919042118303257
28,35,0.017347904964761934,0.016215698220361133
28,36,0.01709104794939068,0.016522488274647692
28,37,0.016840262679203542,0.016840262679203542
28,38,0.016594989322565173,0.017169941364594838
28,39,0.016354688092259442,0.01751252342014386
28,40,0.016118834760358067,0.017869098041715284
28,41,0.015886916252365234,0.018240857054926285
28,42,0.015658426237952675,0.018629109318898242
28,43,0.015432860631490632,0.019035297379773445
28,44,0.015209712908263825,0.01946101682372448
28,45,0.014988469131208527,0.01990803888070142
28,46,0.014768602567418111,0.020378336958860477
28,47,0.014549567752431375,0.02087411795371825
28,48,0.014330793831899152,0.021397859386625556
28,49,0.014111676972487747,0.02195235369917077
28,50,0.013891571583873035,0.022540761384111336
28,51,0.0136697800273097,0.02316667509774722
28,52,0.013445540397778321,0.023834197512785867
28,53,0.013218011848022137,0.02454803649036795
28,54,0.012986256762309538,0.025313622254318418
28,55,0.01274921886880841,0.026137252754182865
28,56,0.012505696077657386,0.027026275473063643
28,57,0.012254306411058645,0.027989316818765222
28,58,0.011993444797768487,0.029036574303313287
28,59,0.011721227654445603,0.03018019253280159
28,60,0.011435420941925558,0.03143475247582619
28,61,0.011133345562341947,0.03281791594496405
28,62,0.010811751224990772,0.03435128595625182
28,63,0.010466645713356126,0.03606157233086118
28,64,0.010093059916774866,0.03798219683668003
29,30,0.01842709804866651,0.015069516002087842
29,31,0.018130441946608636,0.015333029284523365
29,32,0.017843130413779617,0.015603812935482075
29,33,0.01756442749360032,0.015882515855661375
29,34,0.017293643842641607,0.01616982738849039
29,35,0.017030130560206087,0.016466483490548266
29,36,0.01677327354483483,0.01677327354483483
29,37,0.016522488274647692,0.01709104794939068
29,38,0.016277214918009326,0.01742072663478197
29,39,0.016036913687703592,0.017763308690330996
29,40,0.015801060355802216,0.018119883311902417
29,41,0.015569141847809383,0.01849164232511342
29,42,0.015340651833396824,0.01887989458908538
29,43,0.015115086226934782,0.01928608264996058
29,44,0.014891938503707975,0.01971180209391161
29,45,0.014670694726652677,0.020158824150888554
29,46,0.01445082816286226,0.020629122229047614
29,47,0.014231793347875525,0.021124903223905388
29,48,0.014013019427343301,0.02164864465681269
29,49,0.013793902567931896,0.022203138969357904
29,50,0.013573797179317185,0.022791546654298472
29,51,0.01335200562275385,0.023417460367934354
29,52,0.01312776599322247,0.024084982782973
29,53,0.012900237443466286,0.024798821760555083
29,54,0.012668482357753688,0.02556440752450555
29,55,0.01243144446425256,0.026388038024369998
29,56,0.012187921673101535,0.027277060743250776
29,57,0.011936532006502795,0.028240102088952355
29,58,0.011675670393212637,0.02928735957350042
29,59,0.011403453249889752,0.030430977802988722
29,60,0.011117646537369708,0.03168553774601333
29,61,0.010815571157786096,0.03306870121515119
29,62,0.010493976820434922,0.034602071226438956
29,63,0.010148871308800276,0.03631235760104832
29,64,0.009775285512219015,0.03823298210686717
30,31,0.017823651892322073,0.015589886299894622
30,32,0.017536340359493058,0.015860669950853334
30,33,0.017257637439313758,0.016139372871032634
30,34,0.016986853788355044,0.01642668440386165
30,35,0.016723340505919525,0.016723340505919525
30,36,0.016466483490548266,0.017030130560206087
30,37,0.016215698220361133,0.017347904964761934
30,38,0.015970424863722764,0.01767758365015323
30,39,0.01573012363341703,0.01802016570570225
30,40,0.015494270301515655,0.018376740327273676
30,41,0.015262351793522822,0.018748499340484677
30,42,0.015033861779110265,0.019136751604456638
30,43,0.01480829617264822,0.01954293966533184
30,44,0.014585148449421412,0.01996865910928287
30,45,0.014363904672366114,0.020415681166259813
30,46,0.014144038108575698,0.020885979244418873
30,47,0.013925003293588964,0.021381760239276647
30,48,0.013706229373056742,0.021905501672183948
30,49,0.013487112513645334,0.022459995984729163
30,50,0.013267007125030622,0.02304840366966973
30,51,0.01304521556846729,0.023674317383305613
30,52,0.01282097593893591,0.02434183979834426
30,53,0.012593447389179724,0.025055678775926342
30,54,0.012361692303467127,0.02582126453987681
30,55,0.012124654409965999,0.026644895039741257
30,56,0.011881131618814975,0.027533917758622035
30,57,0.011629741952216232,0.028496959104323615
30,58,0.011368880338926076,0.02954421658887168
30,59,0.01109666319560319,0.03068783481835998
30,60,0.010810856483083147,0.03194239476138458
30,61,0.010508781103499535,0.03332555823052244
30,62,0.010187186766148361,0.034858928241810215
30,63,0.009842081254513715,0.03656921461641957
30,64,0.009468495457932454,0.038489839122238426
31,32,0.017239684257435182,0.016124183233288854
31,33,0.016960981337255883,0.016402886153468153
31,34,0.01669019768629717,0.01669019768629717
31,35,0.01642668440386165,0.016986853788355044
31,36,0.01616982738849039,0.017293643842641607
31,37,0.015919042118303257,0.017611418247197457
31,38,0.01567376876166489,0.017941096932588753
31,39,0.015433467531359154,0.018283678988137774
31,40,0.01519761419945778,0.018640253609709195
31,41,0.014965695691464947,0.0190120126229202
31,42,0.01473720567705239,0.019400264886892157
31,43,0.014511640070590345,0.01980645294776736
31,44,0.014288492347363537,0.020232172391718393
31,45,0.014067248570308239,0.020679194448695336
31,46,0.013847382006517823,0.021149492526854392
31,47,0.013628347191531089,0.021645273521712166
31,48,0.013409573270998867,0.022169014954619468
31,49,0.013190456411587458,0.022723509267164682
31,50,0.012970351022972747,0.02331191695210525
31,51,0.012748559466409414,0.023937830665741136
31,52,0.012524319836878035,0.024605353080779782
31,53,0.012296791287121848,0.02531919205836186
31,54,0.012065036201409252,0.026084777822312333
31,55,0.011827998307908124,0.02690840832217678
31,56,0.0115844755167571,0.027797431041057558
31,57,0.011333085850158357,0.028760472386759134
31,58,0.0110722242368682,0.029807729871307198
31,59,0.010800007093545314,0.0309513481007955
31,60,0.010514200381025272,0.032205908043820106
31,61,0.01021212500144166,0.033589071512957966
31,62,0.009890530664090486,0.035122441524245734
31,63,0.00954542515245584,0.0368327278988551
31,64,0.00917183935587458,0.038753352404673945
32,33,0.016673669804426867,0.016673669804426867
32,34,0.016402886153468153,0.016960981337255883
32,35,0.016139372871032634,0.017257637439313758
32,36,0.015882515855661375,0.01756442749360032
32,37,0.01563173058547424,0.017882201898156168
32,38,0.015386457228835871,0.018211880583547464
32,39,0.015146155998530138,0.018554462639096485
32,40,0.014910302666628763,0.01891103726066791
32,41,0.01467838415863593,0.01928279627387891
32,42,0.01444989414422337,0.01967104853785087
32,43,0.014224328537761328,0.020077236598726074
32,44,0.014001180814534522,0.020502956042677104
32,45,0.013779937037479224,0.020949978099654046
32,46,0.013560070473688807,0.021420276177813106
32,47,0.013341035658702071,0.02191605717267088
32,48,0.013122261738169848,0.02243979860557818
32,49,0.012903144878758443,0.022994292918123396
32,50,0.012683039490143731,0.023582700603063965
32,51,0.012461247933580397,0.024208614316699847
32,52,0.012237008304049017,0.024876136731738493
32,53,0.012009479754292833,0.025589975709320575
32,54,0.011777724668580234,0.026355561473271043
32,55,0.011540686775079106,0.02717919197313549
32,56,0.011297163983928082,0.028068214692016268
32,57,0.011045774317329341,0.029031256037717848
32,58,0.010784912704039184,0.030078513522265912
32,59,0.010512695560716299,0.031222131751754215
32,60,0.010226888848196255,0.03247669169477882
32,61,0.009924813468612643,0.03385985516391668
32,62,0.009603219131261468,0.03539322517520445
32,63,0.009258113619626822,0.03710351154981381
32,64,0.008884527823045562,0.03902413605563265
33,34,0.016124183233288854,0.017239684257435182
33,35,0.015860669950853334,0.017536340359493058
33,36,0.015603812935482075,0.017843130413779617
33,37,0.015353027665294942,0.018160904818335467
33,38,0.015107754308656574,0.01849058350372676
33,39,0.014867453078350839,0.018833165559275784
33,40,0.014631599746449465,0.01918974018084721
33,41,0.014399681238456632,0.01956149919405821
33,42,0.014171191224044075,0.019949751458030168
33,43,0.01394562561758203,0.02035593951890537
33,44,0.013722477894355222,0.0207816589628564
33,45,0.013501234117299924,0.021228681019833343
33,46,0.013281367553509508,0.021698979097992403
33,47,0.013062332738522774,0.022194760092850176
33,48,0.012843558817990552,0.02271850152575748
33,49,0.012624441958579143,0.023272995838302696
33,50,0.012404336569964432,0.02386140352324326
33,51,0.0121825450134011,0.024487317236879143
33,52,0.01195830538386972,0.02515483965191779
33,53,0.011730776834113534,0.025868678629499875
33,54,0.011499021748400937,0.02663426439345034
33,55,0.011261983854899809,0.027457894893314787
33,56,0.011018461063748784,0.028346917612195564
33,57,0.010767071397150042,0.029309958957897148
33,58,0.010506209783859886,0.030357216442445212
33,59,0.010233992640537,0.031500834671933514
33,60,0.009948185928016957,0.03275539461495811
33,61,0.009646110548433345,0.03413855808409597
33,62,0.00932451621108217,0.03567192809538375
33,63,0.008979410699447524,0.037382214469993104
33,64,0.008605824902866264,0.03930283897581195
34,35,0.015589886299894622,0.017823651892322073
34,36,0.015333029284523365,0.018130441946608636
34,37,0.015082244014336228,0.018448216351164483
34,38,0.014836970657697861,0.01877789503655578
34,39,0.014596669427392128,0.0191204770921048
34,40,0.014360816095490753,0.019477051713676224
34,41,0.01412889758749792,0.019848810726887225
34,42,0.01390040757308536,0.020237062990859186
34,43,0.013674841966623318,0.02064325105173439
34,44,0.013451694243396511,0.02106897049568542
34,45,0.013230450466341213,0.02151599255266236
34,46,0.013010583902550797,0.02198629063082142
34,47,0.012791549087564061,0.022482071625679195
34,48,0.012572775167031838,0.023005813058586497
34,49,0.012353658307620433,0.02356030737113171
34,50,0.012133552919005721,0.02414871505607228
34,51,0.011911761362442387,0.02477462876970816
34,52,0.011687521732911007,0.025442151184746808
34,53,0.011459993183154823,0.02615599016232889
34,54,0.011228238097442224,0.02692157592627936
34,55,0.010991200203941096,0.027745206426143806
34,56,0.010747677412790072,0.028634229145024583
34,57,0.010496287746191331,0.029597270490726163
34,58,0.010235426132901173,0.030644527975274227
34,59,0.009963208989578289,0.03178814620476253
34,60,0.009677402277058244,0.033042706147787135
34,61,0.009375326897474633,0.034425869616924995
34,62,0.009053732560123458,0.035959239628212764
34,63,0.008708627048488812,0.037669526002822126
34,64,0.008335041251907552,0.03959015050864097
35,36,0.015069516002087842,0.01842709804866651
35,37,0.014818730731900709,0.018744872453222358
35,38,0.01457345737526234,0.019074551138613654
35,39,0.014333156144956605,0.019417133194162675
35,40,0.014097302813055232,0.0197737078157341
35,41,0.013865384305062399,0.0201454668289451
35,42,0.013636894290649841,0.020533719092917062
35,43,0.013411328684187797,0.020939907153792264
35,44,0.013188180960960989,0.021365626597743295
35,45,0.01296693718390569,0.021812648654720237
35,46,0.012747070620115274,0.022282946732879297
35,47,0.01252803580512854,0.02277872772773707
35,48,0.012309261884596318,0.023302469160644372
35,49,0.01209014502518491,0.023856963473189587
35,50,0.011870039636570198,0.024445371158130155
35,51,0.011648248080006866,0.025071284871766037
35,52,0.011424008450475486,0.025738807286804683
35,53,0.0111964799007193,0.026452646264386766
35,54,0.010964724815006703,0.027218232028337234
35,55,0.010727686921505575,0.02804186252820168
35,56,0.01048416413035455,0.02893088524708246
35,57,0.010232774463755808,0.02989392659278404
35,58,0.009971912850465652,0.030941184077332103
35,59,0.009699695707142766,0.032084802306820405
35,60,0.009413888994622723,0.033339362249845
35,61,0.009111813615039112,0.03472252571898286
35,62,0.008790219277687937,0.03625589573027064
35,63,0.00844511376605329,0.037966182104879995
35,64,0.00807152796947203,0.03988680661069885
36,37,0.01456187371652945,0.01905166250750892
36,38,0.014316600359891081,0.019381341192900213
36,39,0.014076299129585348,0.019723923248449238
36,40,0.013840445797683974,0.020080497870020662
36,41,0.013608527289691141,0.020452256883231663
36,42,0.013380037275278582,0.02084050914720362
36,43,0.013154471668816538,0.021246697208078823
36,44,0.012931323945589731,0.021672416652029854
36,45,0.012710080168534433,0.022119438709006796
36,46,0.012490213604744017,0.022589736787165856
36,47,0.012271178789757281,0.02308551778202363
36,48,0.01205240486922506,0.023609259214930935
36,49,0.011833288009813652,0.02416375352747615
36,50,0.011613182621198941,0.024752161212416714
36,51,0.011391391064635607,0.025378074926052596
36,52,0.011167151435104227,0.026045597341091242
36,53,0.010939622885348043,0.02675943631867333
36,54,0.010707867799635444,0.027525022082623793
36,55,0.010470829906134318,0.02834865258248824
36,56,0.010227307114983292,0.029237675301369018
36,57,0.00997591744838455,0.0302007166470706
36,58,0.009715055835094393,0.031247974131618665
36,59,0.009442838691771508,0.03239159236110697
36,60,0.009157031979251464,0.033646152304131566
36,61,0.008854956599667854,0.035029315773269426
36,62,0.00853336226231668,0.0365626857845572
36,63,0.008188256750682032,0.03827297215916656
36,64,0.007814670954100773,0.040193596664985405
37,38,0.014065815089703948,0.019699115597456067
37,39,0.013825513859398213,0.020041697653005088
37,40,0.013589660527496838,0.02039827227457651
37,41,0.013357742019504005,0.020770031287787514
37,42,0.013129252005091447,0.02115828355175947
37,43,0.012903686398629405,0.021564471612634674
37,44,0.012680538675402597,0.021990191056585708
37,45,0.012459294898347299,0.02243721311356265
37,46,0.012239428334556882,0.022907511191721706
37,47,0.012020393519570148,0.02340329218657948
37,48,0.011801619599037924,0.02392703361948678
37,49,0.011582502739626518,0.024481527932031996
37,50,0.011362397351011806,0.025069935616972565
37,51,0.011140605794448474,0.02569584933060845
37,52,0.010916366164917094,0.026363371745647096
37,53,0.010688837615160908,0.027077210723229175
37,54,0.010457082529448311,0.027842796487179647
37,55,0.010220044635947183,0.028666426987044094
37,56,0.009976521844796159,0.02955544970592487
37,57,0.009725132178197416,0.030518491051626448
37,58,0.00946427056490726,0.03156574853617451
37,59,0.009192053421584374,0.032709366765662815
37,60,0.00890624670906433,0.03396392670868742
37,61,0.00860417132948072,0.03534709017782528
37,62,0.008282576992129545,0.03688046018911305
37,63,0.007937471480494897,0.03859074656372241
37,64,0.007563885683913639,0.04051137106954126
38,39,0.013580240502759845,0.020371376338396384
38,40,0.01334438717085847,0.020727950959967805
38,41,0.013112468662865638,0.02109970997317881
38,42,0.01288397864845308,0.021487962237150764
38,43,0.012658413041991036,0.021894150298025966
38,44,0.012435265318764228,0.022319869741977
38,45,0.01221402154170893,0.022766891798953942
38,46,0.011994154977918513,0.023237189877113
38,47,0.01177512016293178,0.023732970871970772
38,48,0.011556346242399557,0.024256712304878077
38,49,0.011337229382988149,0.024811206617423292
38,50,0.011117123994373437,0.025399614302363857
38,51,0.010895332437810105,0.026025528015999742
38,52,0.010671092808278725,0.02669305043103839
38,53,0.010443564258522539,0.02740688940862047
38,54,0.010211809172809942,0.02817247517257094
38,55,0.009974771279308814,0.028996105672435386
38,56,0.00973124848815779,0.029885128391316164
38,57,0.009479858821559047,0.030848169737017744
38,58,0.009218997208268891,0.03189542722156581
38,59,0.008946780064946005,0.033039045451054114
38,60,0.008660973352425962,0.03429360539407871
38,61,0.00835889797284235,0.03567676886321657
38,62,0.008037303635491176,0.03721013887450435
38,63,0.00769219812385653,0.0389204252491137
38,64,0.007318612327275271,0.04084104975493255
39,40,0.013104085940552738,0.021070533015516826
39,41,0.012872167432559905,0.02144229202872783
39,42,0.012643677418147346,0.02183054429269979
39,43,0.012418111811685301,0.02223673235357499
39,44,0.012194964088458495,0.022662451797526025
39,45,0.011973720311403197,0.023109473854502967
39,46,0.01175385374761278,0.023579771932662023
39,47,0.011534818932626045,0.024075552927519797
39,48,0.011316045012093823,0.0245992943604271
39,49,0.011096928152682416,0.025153788672972313
39,50,0.010876822764067704,0.025742196357912882
39,51,0.01065503120750437,0.026368110071548767
39,52,0.01043079157797299,0.027035632486587413
39,53,0.010203263028216806,0.027749471464169492
39,54,0.009971507942504208,0.028515057228119964
39,55,0.009734470049003081,0.02933868772798441
39,56,0.009490947257852055,0.03022771044686519
39,57,0.009239557591253314,0.031190751792566765
39,58,0.008978695977963157,0.03223800927711483
39,59,0.008706478834640272,0.03338162750660313
39,60,0.008420672122120228,0.03463618744962774
39,61,0.008118596742536618,0.0360193509187656
39,62,0.007797002405185442,0.037552720930053365
39,63,0.007451896893550795,0.03926300730466273
39,64,0.007078311096969537,0.041183631810481576
40,41,0.01263631410065853,0.021798866650299252
40,42,0.01240782408624597,0.022187118914271213
40,43,0.012182258479783927,0.022593306975146416
40,44,0.011959110756557121,0.023019026419097446
40,45,0.011737866979501823,0.023466048476074388
40,46,0.011518000415711407,0.023936346554233448
40,47,0.01129896560072467,0.024432127549091222
40,48,0.011080191680192447,0.024955868981998523
40,49,0.010861074820781042,0.025510363294543738
40,50,0.01064096943216633,0.026098770979484306
40,51,0.010419177875602996,0.02672468469312019
40,52,0.010194938246071617,0.027392207108158834
40,53,0.009967409696315432,0.028106046085740917
40,54,0.009735654610602834,0.028871631849691385
40,55,0.009498616717101706,0.029695262349555832
40,56,0.009255093925950681,0.03058428506843661
40,57,0.00900370425935194,0.03154732641413819
40,58,0.008742842646061783,0.032594583898686254
40,59,0.008470625502738898,0.033738202128174556
40,60,0.008184818790218854,0.034992762071199154
40,61,0.007882743410635242,0.036375925540337015
40,62,0.007561149073284068,0.03790929555162479
40,63,0.0072160435616494215,0.039619581926234146
40,64,0.006842457765068162,0.041540206432053
41,42,0.012175905578253137,0.022558877927482214
41,43,0.011950339971791095,0.022965065988357417
41,44,0.011727192248564288,0.02339078543230845
41,45,0.01150594847150899,0.023837807489285393
41,46,0.011286081907718574,0.02430810556744445
41,47,0.011067047092731838,0.024803886562302223
41,48,0.010848273172199614,0.025327627995209524
41,49,0.01062915631278821,0.02588212230775474
41,50,0.010409050924173498,0.026470529992695307
41,51,0.010187259367610163,0.027096443706331193
41,52,0.009963019738078784,0.02776396612136984
41,53,0.0097354911883226,0.028477805098951918
41,54,0.00950373610261,0.02924339086290239
41,55,0.009266698209108873,0.030067021362766837
41,56,0.009023175417957848,0.030956044081647614
41,57,0.008771785751359108,0.03191908542734919
41,58,0.00851092413806895,0.032966342911897255
41,59,0.008238706994746065,0.03410996114138556
41,60,0.007952900282226021,0.03536452108441016
41,61,0.007650824902642409,0.03674768455354802
41,62,0.007329230565291235,0.03828105456483579
41,63,0.006984125053656589,0.039991340939445154
41,64,0.006610539257075329,0.041911965445264
42,43,0.011721849957378537,0.023353318252329374
42,44,0.011498702234151729,0.023779037696280404
42,45,0.01127745845709643,0.024226059753257347
42,46,0.011057591893306015,0.024696357831416407
42,47,0.01083855707831928,0.02519213882627418
42,48,0.010619783157787057,0.025715880259181485
42,49,0.01040066629837565,0.0262703745717267
42,50,0.010180560909760938,0.026858782256667265
42,51,0.009958769353197606,0.027484695970303147
42,52,0.009734529723666226,0.028152218385341793
42,53,0.00950700117391004,0.02886605736292388
42,54,0.009275246088197443,0.029631643126874344
42,55,0.009038208194696315,0.03045527362673879
42,56,0.008794685403545291,0.03134429634561957
42,57,0.008543295736946548,0.03230733769132115
42,58,0.008282434123656392,0.033354595175869216
42,59,0.008010216980333506,0.03449821340535752
42,60,0.007724410267813462,0.035752773348382116
42,61,0.007422334888229852,0.03713593681751998
42,62,0.007100740550878676,0.03866930682880775
42,63,0.006755635039244029,0.04037959320341711
42,64,0.006382049242662771,0.042300217709235956
43,44,0.011273136627689685,0.024185225757155607
43,45,0.011051892850634387,0.02463224781413255
43,46,0.01083202628684397,0.02510254589229161
43,47,0.010612991471857236,0.025598326887149383
43,48,0.010394217551325014,0.026122068320056688
43,49,0.010175100691913606,0.026676562632601902
43,50,0.009954995303298894,0.027264970317542467
43,51,0.009733203746735562,0.02789088403117835
43,52,0.009508964117204182,0.028558406446216995
43,53,0.009281435567447996,0.02927224542379908
43,54,0.009049680481735399,0.030037831187749546
43,55,0.008812642588234271,0.030861461687613993
43,56,0.008569119797083247,0.03175048440649477
43,57,0.008317730130484504,0.032713525752196354
43,58,0.008056868517194348,0.03376078323674442
43,59,0.0077846513738714625,0.03490440146623272
43,60,0.007498844661351418,0.03615896140925732
43,61,0.007196769281767807,0.03754212487839518
43,62,0.006875174944416633,0.039075494889682955
43,63,0.006530069432781987,0.04078578126429231
43,64,0.0061564836362007274,0.04270640577011116
44,45,0.01082874512740758,0.025057967258083583
44,46,0.010608878563617164,0.02552826533624264
44,47,0.010389843748630428,0.026024046331100413
44,48,0.010171069828098206,0.026547787764007718
44,49,0.0099519529686868,0.027102282076552933
44,50,0.009731847580072088,0.027690689761493498
44,51,0.009510056023508753,0.028316603475129383
44,52,0.009285816393977374,0.02898412589016803
44,53,0.00905828784422119,0.02969796486775011
44,54,0.00882653275850859,0.03046355063170058
44,55,0.008589494865007465,0.03128718113156503
44,56,0.008345972073856438,0.032176203850445804
44,57,0.008094582407257698,0.03313924519614739
44,58,0.00783372079396754,0.03418650268069545
44,59,0.007561503650644655,0.035330120910183754
44,60,0.007275696938124611,0.03658468085320835
44,61,0.006973621558541001,0.03796784432234621
44,62,0.006652027221189826,0.03950121433363399
44,63,0.0063069217095551786,0.041211500708243344
44,64,0.00593333591297392,0.04313212521406219
45,46,0.010387634786561866,0.02597528739321958
45,47,0.01016859997157513,0.026471068388077355
45,48,0.009949826051042908,0.02699480982098466
45,49,0.009730709191631501,0.027549304133529875
45,50,0.00951060380301679,0.02813771181847044
45,51,0.009288812246453455,0.028763625532106325
45,52,0.009064572616922076,0.02943114794714497
45,53,0.008837044067165891,0.030144986924727054
45,54,0.008605288981453293,0.030910572688677522
45,55,0.008368251087952167,0.03173420318854197
45,56,0.00812472829680114,0.03262322590742275
45,57,0.0078733386302024,0.03358626725312433
45,58,0.007612477016912243,0.034633524737672394
45,59,0.007340259873589357,0.0357771429671607
45,60,0.007054453161069313,0.037031702910185295
45,61,0.006752377781485703,0.038414866379323155
45,62,0.006430783444134528,0.03994823639061093
45,63,0.0060856779324998805,0.041658522765220286
45,64,0.005712092135918622,0.043579147271039134
46,47,0.009948733407784714,0.026941366466236415
46,48,0.009729959487252492,0.02746510789914372
46,49,0.009510842627841085,0.028019602211688935
46,50,0.009290737239226373,0.0286080098966295
46,51,0.009068945682663039,0.029233923610265382
46,52,0.00884470605313166,0.029901446025304028
46,53,0.008617177503375475,0.030615285002886114
46,54,0.008385422417662877,0.03138087076683658
46,55,0.00814838452416175,0.032204501266701026
46,56,0.007904861733010724,0.0330935239855818
46,57,0.007653472066411983,0.03405656533128339
46,58,0.0073926104531218265,0.03510382281583145
46,59,0.007120393309798941,0.03624744104531975
46,60,0.006834586597278897,0.03750200098834435
46,61,0.006532511217695287,0.03888516445748221
46,62,0.006210916880344111,0.04041853446876999
46,63,0.005865811368709464,0.04212882084337934
46,64,0.005492225572128206,0.04404944534919819
47,48,0.009510924672265757,0.027960888894001494
47,49,0.009291807812854349,0.02851538320654671
47,50,0.009071702424239637,0.029103790891487274
47,51,0.008849910867676305,0.029729704605123156
47,52,0.008625671238144925,0.0303972270201618
47,53,0.00839814268838874,0.031111065997743888
47,54,0.008166387602676142,0.03187665176169435
47,55,0.007929349709175014,0.0327002822615588
47,56,0.00768582691802399,0.03358930498043958
47,57,0.007434437251425248,0.03455234632614116
47,58,0.007173575638135091,0.035599603810689225
47,59,0.006901358494812206,0.03674322204017753
47,60,0.0066155517822921615,0.037997781983202125
47,61,0.006313476402708551,0.039380945452339985
47,62,0.005991882065357376,0.04091431546362776
47,63,0.00564677655372273,0.04262460183823712
47,64,0.005273190757141471,0.044545226344055965
48,49,0.009073033892322127,0.02903912463945401
48,50,0.008852928503707416,0.02962753232439458
48,51,0.008631136947144083,0.03025344603803046
48,52,0.008406897317612703,0.030920968453069107
48,53,0.008179368767856517,0.03163480743065119
48,54,0.00794761368214392,0.032400393194601654
48,55,0.0077105757886427925,0.0332240236944661
48,56,0.007467052997491767,0.03411304641334688
48,57,0.007215663330893025,0.03507608775904846
48,58,0.006954801717602869,0.036123345243596526
48,59,0.006682584574279983,0.03726696347308483
48,60,0.006396777861759939,0.03852152341610943
48,61,0.006094702482176329,0.03990468688524729
48,62,0.0057731081448251535,0.04143805689653506
48,63,0.0054280026331905065,0.04314834327114442
48,64,0.005054416836609248,0.04506896777696327
49,50,0.008633811644296009,0.030182026636939793
49,51,0.008412020087732675,0.030807940350575675
49,52,0.008187780458201295,0.03147546276561432
49,53,0.00796025190844511,0.032189301743196404
49,54,0.007728496822732513,0.03295488750714687
49,55,0.007491458929231386,0.033778518007011316
49,56,0.0072479361380803605,0.03466754072589209
49,57,0.006996546471481619,0.035630582071593676
49,58,0.006735684858191462,0.03667783955614174
49,59,0.006463467714868576,0.03782145778563004
49,60,0.006177661002348532,0.03907601772865464
49,61,0.005875585622764922,0.0404591811977925
49,62,0.005553991285413747,0.04199255120908028
49,63,0.0052088857737791,0.04370283758368963
49,64,0.004835299977197841,0.04562346208950849
50,51,0.008191914699117963,0.03139634803551624
50,52,0.007967675069586583,0.032063870450554886
50,53,0.007740146519830399,0.03277770942813697
50,54,0.007508391434117801,0.03354329519208744
50,55,0.007271353540616674,0.034366925691951884
50,56,0.007027830749465649,0.03525594841083266
50,57,0.006776441082866907,0.036218989756534245
50,58,0.00651557946957675,0.03726624724108231
50,59,0.006243362326253865,0.03840986547057061
50,60,0.0059575556137338205,0.03966442541359521
50,61,0.0056554802341502106,0.04104758888273307
50,62,0.005333885896799035,0.042580958894020846
50,63,0.004988780385164388,0.0442912452686302
50,64,0.00461519458858313,0.04621186977444905
51,52,0.007745883513023251,0.03268978416419077
51,53,0.007518354963267066,0.03340362314177285
51,54,0.007286599877554468,0.03416920890572332
51,55,0.00704956198405334,0.03499283940558777
51,56,0.0068060391929023155,0.03588186212446855
51,57,0.006554649526303574,0.03684490347017012
51,58,0.006293787913013417,0.03789216095471819
51,59,0.006021570769690531,0.03903577918420649
51,60,0.005735764057170487,0.040290339127231095
51,61,0.005433688677586876,0.041673502596368955
51,62,0.005112094340235702,0.043206872607656724
51,63,0.004766988828601056,0.04491715898226609
51,64,0.004393403032019796,0.046837783488084934
52,53,0.007294115333735686,0.0340711455568115
52,54,0.007062360248023088,0.03483673132076197
52,55,0.00682532235452196,0.035660361820626416
52,56,0.006581799563370936,0.03654938453950719
52,57,0.006330409896772194,0.03751242588520877
52,58,0.0060695482834820375,0.038559683369756834
52,59,0.005797331140159152,0.039703301599245136
52,60,0.005511524427639108,0.04095786154226974
52,61,0.005209449048055497,0.0423410250114076
52,62,0.004887854710704322,0.04387439502269537
52,63,0.004542749199069676,0.04558468139730473
52,64,0.004169163402488417,0.04750530590312358
53,54,0.006834831698266903,0.03555057029834405
53,55,0.006597793804765776,0.036374200798208495
53,56,0.006354271013614751,0.03726322351708927
53,57,0.006102881347016009,0.038226264862790856
53,58,0.005842019733725852,0.03927352234733892
53,59,0.0055698025904029665,0.04041714057682722
53,60,0.005283995877882922,0.04167170051985182
53,61,0.004981920498299312,0.04305486398898968
53,62,0.004660326160948137,0.044588234000277456
53,63,0.00431522064931349,0.04629852037488681
53,64,0.0039416348527322315,0.04821914488070567
54,55,0.006366038719053177,0.037139786562158966
54,56,0.006122515927902153,0.038028809281039744
54,57,0.005871126261303411,0.03899185062674132
54,58,0.005610264648013254,0.040039108111289384
54,59,0.005338047504690369,0.04118272634077769
54,60,0.0050522407921703245,0.04243728628380229
54,61,0.004750165412586714,0.04382044975294015
54,62,0.004428571075235539,0.04535381976422792
54,63,0.004083465563600893,0.04706410613883728
54,64,0.0037098797670196337,0.04898473064465613
55,56,0.005885478034401025,0.03885243978090419
55,57,0.005634088367802284,0.03981548112660577
55,58,0.005373226754512126,0.04086273861115383
55,59,0.005101009611189242,0.042006356840642134
55,60,0.004815202898669197,0.04326091678366674
55,61,0.004513127519085587,0.0446440802528046
55,62,0.004191533181734412,0.04617745026409237
55,63,0.003846427670099765,0.04788773663870173
55,64,0.003472841873518506,0.04980836114452058
56,57,0.005390565576651259,0.040704503845486545
56,58,0.005129703963361102,0.04175176133003461
56,59,0.004857486820038216,0.04289537955952291
56,60,0.004571680107518172,0.04414993950254752
56,61,0.004269604727934561,0.04553310297168538
56,62,0.003948010390583387,0.047066472982973145
56,63,0.0036029048789487403,0.04877675935758251
56,64,0.0032293190823674814,0.050697383863401356
57,58,0.00487831429676236,0.04271480267573619
57,59,0.004606097153439475,0.043858420905224495
57,60,0.00432029044091943,0.04511298084824909
57,61,0.00401821506133582,0.04649614431738695
57,62,0.003696620723984645,0.04802951432867473
57,63,0.0033515152123499985,0.049739800703284084
57,64,0.0029779294157687396,0.05166042520910294
58,59,0.004345235540149318,0.04490567838977256
58,60,0.004059428827629274,0.04616023833279716
58,61,0.0037573534480456632,0.04754340180193502
58,62,0.0034357591106944883,0.04907677181322279
58,63,0.0030906535990598417,0.05078705818783215
58,64,0.002717067802478583,0.052707682693651
59,60,0.003787211684306388,0.04730385656228546
59,61,0.0034851363047227776,0.04868702003142332
59,62,0.0031635419673716027,0.050220390042711095
59,63,0.002818436455736956,0.05193067641732045
59,64,0.002444850659155697,0.053851300923139306
60,61,0.003199329592202734,0.049941579974447925
60,62,0.002877735254851559,0.051474949985735693
60,63,0.0025326297432169123,0.053185236360345056
60,64,0.002159043946635653,0.055105860866163904
61,62,0.0025756598752679485,0.052858113454873554
61,63,0.0022305543636333015,0.054568399829482916
61,64,0.0018569685670520425,0.056489024335301764
62,63,0.0019089600262821268,0.056101769840770685
62,64,0.0015353742297008679,0.05802239434658954
63,64,0.001190268718066221,0.059732680721198896
